('aacey@labdrill.com', 2, 8.5),
('aacuff@opentech.com', 2, 2.0),
('aandreason@xx-holding.com', 1, 2.1),
('aandreason@xx-holding.com', 2, 2.6),
('aauffrey@betatech.com', 1, 3.5),
('aauffrey@betatech.com', 3, 2.2),
('abachman@ganjaflex.com', 1, 2.4),
('abachman@labdrill.com', 2, 1.7),
('abachman@labdrill.com', 4, 1.3),
('abachman@labdrill.com', 5, 2.2),
('abachman@labdrill.com', 6, 1.5),
('abarfield@sunnamplex.com', 1, 0.6),
('abarfield@sunnamplex.com', 3, 0.9),
('abartolet@conecom.com', 1, 6.2),
('abartolet@kan-code.com', 1, 5.0),
('abartolet@kan-code.com', 4, 10.1),
('abatman@year-job.com', 1, 0.9),
('abatman@year-job.com', 5, 0.9),
('abatman@year-job.com', 6, 1.2),
('abergesen@iselectrics.com', 1, 2.3),
('aberlanga@betatech.com', 2, 1.4),
('aberray@golddex.com', 3, 1.4),
('abilden@streethex.com', 2, 3.6),
('ablackwood@ontomedia.com', 3, 3.6),
('abookamer@plussunin.com', 3, 3.0),
('aboord@plussunin.com', 2, 3.8),
('aboulter@xx-zobam.com', 3, 1.1),
('abreland@j-texon.com', 1, 3.6),
('abreland@streethex.com', 4, 2.1),
('abrucato@plussunin.com', 1, 3.2),
('abruschke@domzoom.com', 2, 16.5),
('abruschke@domzoom.com', 4, 2.6),
('abutt@year-job.com', 2, 2.0),
('abuvens@lexiqvolax.com', 2, 1.5),
('abuvens@lexiqvolax.com', 3, 1.4),
('abuvens@lexiqvolax.com', 4, 2.7),
('abuzick@plexzap.com', 2, 6.2),
('abuzick@singletechno.com', 3, 2.1),
('acaiafa@inity.com', 3, 2.8),
('acaiafa@inity.com', 4, 14.7),
('acalvaresi@openlane.com', 2, 1.1),
('acampain@opentech.com', 1, 7.7),
('acentini@conecom.com', 3, 1.8),
('achesterfield@bioplex.com', 2, 2.2),
('achui@kan-code.com', 1, 2.0),
('aclaucherty@kinnamplus.com', 1, 1.6),
('aclaucherty@kinnamplus.com', 2, 4.4),
('acloney@hottechi.com', 1, 2.1),
('acookey@sumace.com', 4, 1.7),
('acorbley@dambase.com', 2, 0.7),
('acorbley@j-texon.com', 2, 3.2),
('acorbley@j-texon.com', 3, 18.4),
('acousey@statholdings.com', 1, 4.4),
('acoyier@j-texon.com', 1, 17.3),
('acoyier@j-texon.com', 2, 2.2),
('acoyier@j-texon.com', 4, 4.2),
('acrupi@isdom.com', 4, 1.6),
('adarakjy@donquadtech.com', 1, 2.3),
('adeleo@mathtouch.com', 2, 7.2),
('adeleo@mathtouch.com', 4, 4.8),
('adenooyer@hatfan.com', 3, 5.9),
('adenooyer@hatfan.com', 4, 1.0),
('adinos@hatfan.com', 1, 1.8),
('aeanes@rantouch.com', 4, 1.6),
('afallick@konex.com', 1, 2.4),
('afallick@ontomedia.com', 1, 1.7),
('afallick@ontomedia.com', 3, 2.2),
('aflister@blackzim.com', 2, 2.4),
('afrancescon@zathunicon.com', 3, 11.0),
('afredicks@iselectrics.com', 2, 0.6),
('afredicks@silis.com', 1, 1.6),
('afredicks@silis.com', 2, 1.5),
('afrerking@plexzap.com', 1, 5.1),
('agellinger@mathtouch.com', 4, 1.6),
('agellinger@mathtouch.com', 6, 1.6),
('agillian@blackzim.com', 2, 1.6),
('agillian@blackzim.com', 3, 2.5),
('agillian@treequote.com', 1, 3.3),
('agillian@treequote.com', 2, 2.4),
('agillian@treequote.com', 3, 2.9),
('agillian@treequote.com', 4, 4.3),
('agleich@golddex.com', 1, 1.6),
('agotter@fasehatice.com', 2, 6.5),
('agotter@fasehatice.com', 5, 5.8),
('agotter@golddex.com', 1, 4.4),
('agwalthney@statholdings.com', 1, 4.5),
('ahalsey@faxquote.com', 1, 1.6),
('ahalsey@faxquote.com', 3, 3.2),
('ahalter@silis.com', 1, 1.7),
('aharnos@condax.com', 3, 2.3),
('aharnos@condax.com', 5, 3.9),
('aharnos@condax.com', 8, 1.6),
('aharnos@condax.com', 10, 3.0),
('ahiatt@groovestreet.com', 5, 2.6),
('ahoffis@singletechno.com', 1, 6.6),
('ahollack@sonron.com', 1, 2.9),
('ahoopengardner@toughzap.com', 1, 2.6),
('ahudnall@rangreen.com', 3, 3.8),
('aisenhower@ontomedia.com', 1, 0.9),
('aiturbide@dambase.com', 1, 14.1),
('aiturbide@year-job.com', 1, 3.0),
('aiturbide@year-job.com', 2, 2.7),
('ajurney@ontomedia.com', 2, 1.3),
('ajurney@ontomedia.com', 3, 1.6),
('akalafatis@conecom.com', 4, 1.6),
('akalafatis@conecom.com', 8, 1.5),
('akannady@mathtouch.com', 4, 1.6),
('akarpel@green-plus.com', 2, 0.9),
('akeetch@y-corporation.com', 1, 9.7),
('akippley@goodsilron.com', 1, 13.4),
('aklonowski@konmatfix.com', 1, 4.4),
('aklusman@statholdings.com', 3, 4.7),
('akolmetz@finjob.com', 2, 3.5),
('akolmetz@kan-code.com', 2, 0.2),
('alabreche@lexiqvolax.com', 1, 2.1),
('alabreche@lexiqvolax.com', 3, 1.8),
('alawler@year-job.com', 3, 1.6),
('aleinenbach@ganjaflex.com', 6, 2.1),
('alindall@xx-holding.com', 4, 1.8),
('alipke@rundofase.com', 6, 1.7),
('alorens@ganjaflex.com', 3, 1.8),
('alother@zencorporation.com', 1, 1.9),
('alother@zencorporation.com', 2, 2.3),
('alother@zencorporation.com', 3, 1.5),
('alouissant@statholdings.com', 1, 1.4),
('alungren@funholding.com', 2, 9.9),
('alungren@funholding.com', 3, 3.0),
('alungren@funholding.com', 4, 1.9),
('alungren@funholding.com', 6, 1.7),
('amalvin@treequote.com', 3, 2.1),
('amalvin@treequote.com', 5, 1.1),
('amanno@betasoloin.com', 1, 2.8),
('amauson@fasehatice.com', 1, 4.5),
('amauson@opentech.com', 2, 4.3),
('amauson@opentech.com', 3, 1.8),
('amaybury@mathtouch.com', 3, 2.8),
('amaynerich@ganjaflex.com', 2, 1.7),
('amcdoniel@plussunin.com', 4, 1.5),
('ameinerding@donquadtech.com', 1, 5.5),
('ameisel@betasoloin.com', 1, 1.5),
('amenter@inity.com', 1, 2.1),
('amenter@inity.com', 3, 1.9),
('amodzelewski@iselectrics.com', 2, 1.7),
('amontezuma@ron-tech.com', 2, 3.5),
('amorocco@sumace.com', 1, 2.2),
('amorocco@sumace.com', 2, 5.1),
('amotley@codehow.com', 2, 1.2),
('amyricks@bioholding.com', 1, 13.6),
('anabours@scottech.com', 2, 1.3),
('anayar@isdom.com', 1, 1.2),
('aneither@gogozoom.com', 1, 6.8),
('aneither@gogozoom.com', 3, 2.5),
('aneither@gogozoom.com', 7, 7.0),
('aonofrio@cancity.com', 1, 1.8),
('aonofrio@cancity.com', 7, 2.9),
('aostrosky@gogozoom.com', 3, 3.3),
('apaulas@mathtouch.com', 1, 1.8),
('apaulas@mathtouch.com', 3, 2.0),
('apoquette@bioholding.com', 1, 0.8),
('apoquette@rundofase.com', 2, 3.2),
('arhoden@bioholding.com', 3, 2.0),
('arhymes@donquadtech.com', 1, 1.9),
('arim@treequote.com', 2, 1.7),
('arim@treequote.com', 6, 1.6),
('arodeigues@konmatfix.com', 1, 7.1),
('aroyster@domzoom.com', 2, 1.4),
('asamara@streethex.com', 1, 2.1),
('asamara@streethex.com', 3, 2.9),
('asawchuk@groovestreet.com', 1, 4.2),
('asaylors@gogozoom.com', 3, 0.6),
('asaylors@gogozoom.com', 6, 1.3),
('aschmierer@dambase.com', 3, 2.9),
('ashields@konmatfix.com', 1, 10.6),
('ashin@finjob.com', 2, 1.3),
('aspickerman@zathunicon.com', 1, 0.7),
('astaback@betasoloin.com', 2, 0.6),
('astaback@zotware.com', 2, 4.6),
('astaback@zotware.com', 3, 3.2),
('astem@zotware.com', 2, 4.2),
('astem@zotware.com', 4, 3.8),
('astoltzman@statholdings.com', 1, 9.4),
('astuer@funholding.com', 1, 4.1),
('astuer@funholding.com', 4, 12.5),
('asturiale@plusstrip.com', 2, 15.1),
('aswayze@rantouch.com', 1, 9.9),
('atheodorov@fasehatice.com', 1, 1.7),
('atheodorov@fasehatice.com', 4, 3.0),
('athreets@statholdings.com', 1, 7.2),
('athyberg@rangreen.com', 4, 2.3),
('atimenez@y-corporation.com', 2, 1.8),
('atimenez@y-corporation.com', 3, 3.7),
('aupthegrove@toughzap.com', 3, 3.5),
('auyetake@betatech.com', 1, 2.4),
('auyetake@betatech.com', 3, 4.1),
('auyetake@zencorporation.com', 3, 10.3),
('avanheusen@xx-zobam.com', 7, 2.0),
('avenere@zathunicon.com', 3, 2.5),
('avinning@zotware.com', 1, 3.9),
('awalthall@rantouch.com', 2, 3.2),
('awitten@bioholding.com', 6, 2.4),
('awitten@bioholding.com', 7, 2.4),
('ayglesias@green-plus.com', 1, 1.8),
('azagen@kinnamplus.com', 1, 1.1),
('bahle@stanredtax.com', 2, 1.5),
('bahle@stanredtax.com', 4, 5.1),
('bauffrey@isdom.com', 2, 1.2),
('bauffrey@isdom.com', 3, 4.4),
('bauffrey@isdom.com', 5, 3.3),
('bauffrey@isdom.com', 6, 3.2),
('bbartolet@inity.com', 1, 0.9),
('bblackwood@singletechno.com', 1, 6.5),
('bblackwood@singletechno.com', 3, 5.7),
('bborgman@golddex.com', 4, 1.0),
('bbreland@konex.com', 1, 2.9),
('bbrossart@y-corporation.com', 1, 4.7),
('bbrucato@betatech.com', 1, 1.6),
('bburnard@funholding.com', 3, 1.8),
('bcartan@rantouch.com', 1, 1.4),
('bdaufeldt@j-texon.com', 3, 2.0),
('bdaufeldt@j-texon.com', 4, 2.9),
('bdiestel@bioholding.com', 2, 4.3),
('bdiestel@bioholding.com', 3, 3.4),
('bdiestel@bioholding.com', 4, 4.7),
('bdopico@plexzap.com', 3, 2.0),
('bdrymon@dalttechnology.com', 1, 1.3),
('bdrymon@dalttechnology.com', 2, 2.1),
('bdrymon@dalttechnology.com', 3, 4.8),
('bdrymon@stanredtax.com', 1, 13.8),
('bdubaldi@green-plus.com', 1, 1.3),
('beanes@codehow.com', 3, 1.7),
('beanes@ron-tech.com', 3, 0.5),
('bfarrar@lexiqvolax.com', 1, 4.3),
('bfelger@warephase.com', 1, 1.7),
('bferrario@openlane.com', 1, 2.6),
('bflosi@rundofase.com', 2, 2.2),
('bfrancescon@ron-tech.com', 1, 1.3),
('bfredicks@zathunicon.com', 1, 5.3),
('bfredicks@zathunicon.com', 2, 2.7),
('bfredicks@zathunicon.com', 3, 4.4),
('bgato@doncon.com', 1, 1.3),
('bgehrett@dalttechnology.com', 6, 8.3),
('bgehrett@kan-code.com', 2, 8.4),
('bgehrett@kan-code.com', 3, 1.0),
('bgehrett@kan-code.com', 5, 2.0),
('bgleich@rantouch.com', 3, 2.6),
('bglick@donware.com', 1, 2.9),
('bgrenet@betasoloin.com', 6, 3.0),
('bgrenet@betasoloin.com', 8, 5.2),
('bgrenet@betasoloin.com', 10, 1.9),
('bgudroe@ontomedia.com', 3, 1.9),
('bgwalthney@domzoom.com', 1, 0.7),
('bgwalthney@domzoom.com', 2, 1.6),
('bheintzman@rundofase.com', 3, 5.3),
('bhusser@donware.com', 2, 13.6),
('bjuhas@konmatfix.com', 2, 3.0),
('bjuvera@mathtouch.com', 1, 4.4),
('bkaniecki@gogozoom.com', 1, 2.8),
('bkaniecki@gogozoom.com', 3, 2.5),
('bkardas@ron-tech.com', 6, 1.9),
('bkardas@rundofase.com', 1, 1.0),
('bkarpin@domzoom.com', 2, 3.1),
('bkeener@konex.com', 3, 1.9),
('bkeener@konex.com', 5, 0.7),
('bkeetch@iselectrics.com', 2, 1.3),
('blacovara@rangreen.com', 1, 11.1),
('blary@condax.com', 1, 3.3),
('blary@condax.com', 3, 1.1),
('blary@condax.com', 5, 1.2),
('blatzke@conecom.com', 1, 5.0),
('blawler@dambase.com', 1, 2.4),
('blawler@dambase.com', 2, 5.0),
('blawler@dambase.com', 10, 4.4),
('bliukko@j-texon.com', 3, 14.0),
('bloader@toughzap.com', 2, 4.1),
('blungren@scotfind.com', 2, 2.7),
('blungren@scotfind.com', 3, 3.9),
('bmartabano@fasehatice.com', 1, 3.5),
('bmodzelewski@rundofase.com', 1, 2.8),
('bmontezuma@scotfind.com', 1, 1.6),
('bmorocco@golddex.com', 2, 11.0),
('bmorocco@golddex.com', 4, 6.7),
('bnewville@donware.com', 4, 2.4),
('bnewville@fasehatice.com', 4, 1.0),
('bnewville@fasehatice.com', 5, 1.5),
('bnunlee@plexzap.com', 2, 1.1),
('bnunlee@plexzap.com', 7, 1.3),
('bnunlee@plexzap.com', 10, 7.0),
('bpadilla@silis.com', 6, 1.4),
('bparvis@donware.com', 1, 12.3),
('bperin@conecom.com', 1, 1.9),
('bperin@conecom.com', 4, 11.5),
('bpoullion@opentech.com', 1, 3.5),
('brantanen@betasoloin.com', 3, 1.9),
('braymo@nam-zim.com', 1, 4.0),
('briden@dalttechnology.com', 1, 3.7),
('brodefer@domzoom.com', 2, 6.8),
('brodefer@domzoom.com', 3, 1.5),
('broyster@konmatfix.com', 2, 3.0),
('broyster@konmatfix.com', 3, 5.2),
('bsamu@newex.com', 2, 0.2),
('bschoeneck@konex.com', 1, 6.5),
('bsergi@betasoloin.com', 2, 3.1),
('bsergi@kan-code.com', 2, 2.3),
('bsergi@kan-code.com', 3, 2.3),
('bshadrick@dambase.com', 3, 3.2),
('bshadrick@dambase.com', 4, 1.8),
('bspickerman@treequote.com', 3, 3.7),
('bsteffensmeier@xx-zobam.com', 2, 6.3),
('bsturiale@kinnamplus.com', 7, 6.9),
('bsweely@bioplex.com', 2, 5.6),
('btoyama@j-texon.com', 3, 3.1),
('bvenere@fasehatice.com', 2, 3.0),
('bvizarro@donquadtech.com', 1, 2.8),
('bwesterbeck@sumace.com', 2, 15.3),
('bwildfong@sonron.com', 2, 2.9),
('bwolfgramm@xx-holding.com', 1, 1.9),
('bwolfgramm@xx-holding.com', 3, 2.0),
('bwolfgramm@xx-holding.com', 7, 3.4),
('bwolny@scotfind.com', 1, 2.6),
('cacey@scotfind.com', 3, 7.7),
('cadkin@groovestreet.com', 2, 1.1),
('cadkin@groovestreet.com', 4, 2.7),
('cadkin@groovestreet.com', 5, 1.3),
('cadkin@groovestreet.com', 6, 1.8),
('cahle@dalttechnology.com', 3, 1.5),
('camigon@betasoloin.com', 1, 6.3),
('camigon@betasoloin.com', 2, 7.4),
('cangalich@golddex.com', 2, 1.3),
('cangalich@golddex.com', 5, 1.5),
('cangalich@golddex.com', 9, 1.2),
('cankeny@donquadtech.com', 1, 2.4),
('cankeny@donquadtech.com', 2, 3.3),
('caquas@groovestreet.com', 1, 4.1),
('caquas@silis.com', 1, 1.7),
('carceo@goodsilron.com', 5, 2.4),
('carceo@goodsilron.com', 7, 1.3),
('cbarfield@xx-zobam.com', 4, 9.4),
('cbartolet@green-plus.com', 4, 4.9),
('cbartolet@green-plus.com', 6, 2.6),
('cbartolet@scottech.com', 2, 2.4),
('cbatman@year-job.com', 2, 3.0),
('cbatman@year-job.com', 4, 2.2),
('cbergesen@rangreen.com', 2, 2.5),
('cbergesen@rangreen.com', 4, 1.3),
('cbiddy@cancity.com', 2, 2.3),
('cbirkner@hottechi.com', 1, 2.1),
('cbirkner@hottechi.com', 3, 1.5),
('cblackwood@lexiqvolax.com', 2, 1.4),
('cblackwood@scottech.com', 1, 8.9),
('cborgman@j-texon.com', 2, 3.8),
('cbowley@silis.com', 1, 4.8),
('cbowley@silis.com', 3, 2.3),
('cbowley@silis.com', 4, 2.0),
('cbowley@silis.com', 6, 3.9),
('cbutzen@condax.com', 1, 13.8),
('cbutzen@condax.com', 2, 7.7),
('ccallaro@conecom.com', 1, 3.4),
('ccallaro@doncon.com', 3, 2.9),
('ccalvaresi@blackzim.com', 1, 2.9),
('ccartan@newex.com', 1, 4.0),
('ccetta@scottech.com', 1, 3.4),
('cchavous@rangreen.com', 1, 1.6),
('cchui@xx-holding.com', 1, 4.9),
('cchui@xx-holding.com', 2, 3.5),
('ccomnick@yearin.com', 1, 12.3),
('ccoody@streethex.com', 1, 2.4),
('ccookey@groovestreet.com', 2, 2.2),
('ccorbley@dalttechnology.com', 1, 16.5),
('ccousey@mathtouch.com', 4, 2.1),
('ccraghead@scotfind.com', 1, 2.7),
('ccrupi@rundofase.com', 1, 3.1),
('cdallen@doncon.com', 2, 0.9),
('cdemesa@openlane.com', 1, 3.1),
('cdemesa@openlane.com', 3, 2.1),
('cdhamer@green-plus.com', 2, 1.3),
('cdhamer@plusstrip.com', 4, 0.6),
('cdickerson@labdrill.com', 4, 2.4),
('cdiscipio@kan-code.com', 2, 3.9),
('cdopico@plusstrip.com', 2, 1.1),
('cduenas@conecom.com', 4, 2.5),
('cengelberg@zoomit.com', 2, 0.9),
('cestell@singletechno.com', 2, 6.4),
('cestell@singletechno.com', 4, 4.3),
('cfallick@kan-code.com', 1, 3.3),
('cfallick@kan-code.com', 7, 2.3),
('cfallick@nam-zim.com', 5, 1.5),
('cfarrow@cancity.com', 2, 1.0),
('cfarrow@finhigh.com', 3, 0.7),
('cfarrow@kan-code.com', 1, 5.4),
('cfarrow@kan-code.com', 2, 2.4),
('cferencz@stanredtax.com', 2, 1.5),
('cfigeroa@gogozoom.com', 3, 1.9),
('cfishburne@betasoloin.com', 6, 2.9),
('cfrancescon@sumace.com', 3, 12.2),
('cfrancescon@sumace.com', 6, 1.9),
('cfredicks@rangreen.com', 2, 3.0),
('cfredicks@rangreen.com', 3, 2.1),
('cfredicks@rangreen.com', 5, 2.3),
('cfredicks@rangreen.com', 6, 6.6),
('cfrerking@scotfind.com', 1, 2.0),
('cfrey@ron-tech.com', 5, 1.1),
('cgalam@zumgoity.com', 3, 4.8),
('cgato@betatech.com', 2, 1.6),
('cgesick@betatech.com', 1, 3.0),
('cgesick@betatech.com', 4, 4.5),
('cgibes@doncon.com', 9, 2.5),
('cgillaspie@ontomedia.com', 1, 3.1),
('cgobern@labdrill.com', 1, 3.1),
('cgotter@green-plus.com', 1, 3.6),
('cgrenet@doncon.com', 1, 3.7),
('cgrenet@doncon.com', 2, 16.7),
('chalter@doncon.com', 3, 10.7),
('chanafan@finjob.com', 1, 4.2),
('chanafan@finjob.com', 2, 3.8),
('chanafan@finjob.com', 3, 1.2),
('chanafan@funholding.com', 2, 1.1),
('chellickson@toughzap.com', 3, 6.3),
('chellickson@toughzap.com', 4, 2.8),
('cherritt@treequote.com', 1, 1.2),
('chudnall@stanredtax.com', 2, 1.3),
('chusser@gogozoom.com', 3, 2.2),
('chusser@sunnamplex.com', 3, 1.3),
('cinouye@silis.com', 1, 4.1),
('cisenhower@j-texon.com', 3, 6.5),
('citurbide@newex.com', 3, 2.1),
('cjillson@sunnamplex.com', 4, 0.7),
('cjulia@cancity.com', 3, 3.9),
('cjuvera@dalttechnology.com', 1, 8.3),
('cjuvera@dalttechnology.com', 6, 1.8),
('ckampa@plexzap.com', 1, 2.2),
('ckampa@plexzap.com', 2, 3.4),
('ckarpel@dontechi.com', 5, 2.6),
('ckarpel@dontechi.com', 7, 6.0),
('ckeetch@konex.com', 1, 1.7),
('ckeetch@konex.com', 2, 1.9),
('ckiel@toughzap.com', 1, 3.1),
('ckitzman@lexiqvolax.com', 2, 0.4),
('cklimek@labdrill.com', 1, 1.5),
('ckohl@betasoloin.com', 6, 0.5),
('ckorando@ontomedia.com', 2, 2.6),
('ckorando@ontomedia.com', 3, 9.1),
('ckorando@ontomedia.com', 5, 1.9),
('clapage@iselectrics.com', 1, 1.0),
('clayous@xx-zobam.com', 1, 9.1),
('cleinenbach@fasehatice.com', 4, 1.0),
('climmel@cancity.com', 4, 1.8),
('climmel@cancity.com', 6, 8.7),
('cliukko@betasoloin.com', 1, 2.5),
('cliukko@betasoloin.com', 2, 1.8),
('cluczki@silis.com', 1, 3.4),
('cluczki@silis.com', 3, 1.6),
('cmaisto@ganjaflex.com', 5, 2.1),
('cmallett@codehow.com', 2, 1.6),
('cmanno@streethex.com', 4, 1.3),
('cmarrier@finhigh.com', 3, 1.0),
('cmastella@conecom.com', 3, 1.8),
('cmastella@conecom.com', 6, 3.9),
('cmastella@conecom.com', 7, 4.6),
('cmatuszak@funholding.com', 2, 0.4),
('cmauson@xx-holding.com', 1, 2.8),
('cmauson@xx-holding.com', 2, 4.2),
('cmaybury@condax.com', 1, 1.9),
('cmaybury@stanredtax.com', 1, 1.6),
('cmcdoniel@conecom.com', 3, 10.5),
('cmeisel@zencorporation.com', 1, 5.5),
('cmelnyk@zathunicon.com', 3, 2.4),
('cmeteer@kinnamplus.com', 1, 21.2),
('cmorasca@konex.com', 1, 3.0),
('cmorocco@codehow.com', 2, 1.7),
('cmorocco@codehow.com', 3, 1.5),
('cmulqueen@domzoom.com', 1, 2.8),
('cmulqueen@domzoom.com', 3, 4.0),
('cnachor@sumace.com', 1, 6.0),
('cneither@singletechno.com', 4, 0.7),
('cnewville@gogozoom.com', 1, 1.3),
('cnewville@gogozoom.com', 3, 1.4),
('cnicka@bioplex.com', 1, 0.9),
('cnicka@bioplex.com', 3, 2.0),
('cnunlee@streethex.com', 1, 2.5),
('cnunlee@streethex.com', 3, 3.3),
('conofrio@domzoom.com', 2, 1.7),
('conofrio@domzoom.com', 4, 8.6),
('costrosky@newex.com', 2, 2.4),
('cpaa@ontomedia.com', 4, 2.8),
('cpaa@stanredtax.com', 1, 2.5),
('cpaa@warephase.com', 2, 1.4),
('cpaa@warephase.com', 3, 1.4),
('cpatak@y-corporation.com', 1, 4.2),
('cperez@blackzim.com', 1, 2.5),
('cperez@doncon.com', 1, 0.1),
('cperez@doncon.com', 5, 0.3),
('cperez@doncon.com', 6, 0.2),
('cperez@doncon.com', 9, 0.4),
('cperez@opentech.com', 3, 0.6),
('cperez@opentech.com', 4, 0.7),
('cperez@opentech.com', 5, 1.8),
('cperigo@goodsilron.com', 2, 2.1),
('cperigo@goodsilron.com', 3, 5.5),
('cplumer@bioholding.com', 1, 2.5),
('cplumer@statholdings.com', 3, 3.8),
('cradde@finjob.com', 1, 8.2),
('cragel@yearin.com', 1, 2.4),
('cragel@yearin.com', 4, 3.7),
('cragel@yearin.com', 7, 4.3),
('creiber@ganjaflex.com', 3, 5.6),
('crhym@betatech.com', 3, 3.4),
('crhymes@scottech.com', 2, 2.3),
('crim@green-plus.com', 1, 2.1),
('crim@zotware.com', 2, 5.0),
('crodenberger@groovestreet.com', 1, 8.1),
('crulapaugh@domzoom.com', 6, 5.6),
('cryser@ontomedia.com', 3, 1.7),
('cryser@y-corporation.com', 6, 0.6),
('csaulter@plexzap.com', 3, 3.1),
('csaylors@dambase.com', 1, 2.7),
('csaylors@singletechno.com', 2, 1.3),
('cscheyer@fasehatice.com', 2, 1.5),
('cscheyer@fasehatice.com', 7, 2.7),
('cschieler@streethex.com', 2, 3.3),
('cschieler@streethex.com', 3, 1.8),
('cschmierer@condax.com', 1, 1.9),
('cschmierer@condax.com', 3, 3.0),
('cschoeneck@finjob.com', 2, 3.9),
('cscipione@konmatfix.com', 3, 0.8),
('cscipione@konmatfix.com', 5, 1.4),
('cscipione@konmatfix.com', 6, 0.9),
('csemidey@iselectrics.com', 3, 1.0),
('cshealy@hatfan.com', 1, 0.6),
('cshields@donquadtech.com', 2, 4.1),
('cshields@donquadtech.com', 4, 4.4),
('cshinko@toughzap.com', 1, 9.6),
('cshinko@toughzap.com', 2, 2.6),
('cshinko@toughzap.com', 3, 22.5),
('cshire@yearin.com', 3, 2.2),
('cskulski@donquadtech.com', 3, 2.1),
('cskursky@dalttechnology.com', 3, 1.9),
('cskursky@dalttechnology.com', 4, 3.0),
('cskursky@zotware.com', 4, 1.6),
('cslayton@rantouch.com', 1, 5.0),
('cslayton@rantouch.com', 2, 2.7),
('cslayton@zathunicon.com', 1, 2.8),
('csteier@year-job.com', 1, 1.1),
('cstockham@zotware.com', 1, 14.1),
('cstoltzman@hatfan.com', 2, 2.0),
('cstoltzman@hatfan.com', 3, 1.3),
('cstorment@codehow.com', 2, 1.7),
('csweely@scotfind.com', 3, 5.0),
('ctegarden@golddex.com', 1, 8.8),
('cthyberg@scottech.com', 6, 2.3),
('ctomasulo@conecom.com', 6, 1.6),
('ctomasulo@gogozoom.com', 2, 1.7),
('ctomasulo@gogozoom.com', 3, 7.0),
('ctomblin@statholdings.com', 1, 2.9),
('cuyetake@bioplex.com', 1, 2.0),
('cuyetake@groovestreet.com', 1, 2.0),
('cvanausdal@opentech.com', 1, 1.5),
('cvanheusen@domzoom.com', 2, 3.3),
('cvanheusen@domzoom.com', 4, 2.1),
('cvanheusen@xx-holding.com', 3, 1.2),
('cvinning@isdom.com', 1, 2.0),
('cvonasek@dambase.com', 2, 5.7),
('cvonasek@dambase.com', 4, 2.0),
('cwaycott@blackzim.com', 1, 1.0),
('cweglarz@treequote.com', 1, 2.2),
('cweglarz@treequote.com', 2, 2.8),
('cweirather@openlane.com', 2, 1.0),
('cweirather@openlane.com', 3, 0.6),
('cwenner@goodsilron.com', 3, 7.4),
('cwenner@rangreen.com', 2, 1.5),
('cwieser@betasoloin.com', 3, 2.2),
('cwolfgramm@groovestreet.com', 2, 5.1),
('cworlds@doncon.com', 1, 0.8),
('cwrinkles@stanredtax.com', 2, 1.9),
('cyaw@streethex.com', 1, 2.5),
('cyaw@streethex.com', 3, 2.4),
('czepp@sonron.com', 1, 2.9),
('czepp@sonron.com', 3, 5.8),
('dalbares@plexzap.com', 1, 7.6),
('darceo@codehow.com', 3, 9.8),
('darceo@iselectrics.com', 1, 4.6),
('dbatman@dalttechnology.com', 3, 4.0),
('dberganza@labdrill.com', 1, 1.8),
('dbevelacqua@kan-code.com', 1, 6.0),
('dbevelacqua@kan-code.com', 2, 6.1),
('dblackwood@kinnamplus.com', 1, 1.3),
('dbrachle@openlane.com', 2, 1.8),
('dbrachle@openlane.com', 4, 2.5),
('dbrachle@openlane.com', 6, 1.2),
('dbrossart@treequote.com', 1, 1.2),
('dbrossart@treequote.com', 3, 1.7),
('dbuemi@treequote.com', 4, 1.1),
('dbutt@lexiqvolax.com', 2, 1.1),
('dbutzen@golddex.com', 1, 1.4),
('dbutzen@golddex.com', 3, 0.5),
('dcalvaresi@statholdings.com', 1, 11.6),
('dcalvaresi@toughzap.com', 1, 5.6),
('dcaudy@finhigh.com', 1, 1.3),
('dclaucherty@streethex.com', 1, 9.9),
('dclaucherty@streethex.com', 3, 2.8),
('dcolla@dontechi.com', 6, 0.7),
('dcomnick@dontechi.com', 2, 3.7),
('dcookey@zumgoity.com', 1, 1.7),
('dcorbley@treequote.com', 1, 1.7),
('dcork@sumace.com', 6, 4.7),
('dcronauer@toughzap.com', 1, 2.0),
('dcronauer@toughzap.com', 2, 1.9),
('ddegonia@doncon.com', 1, 8.9),
('ddewar@ganjaflex.com', 2, 2.4),
('ddewar@y-corporation.com', 2, 2.6),
('ddhamer@iselectrics.com', 3, 6.3),
('ddilello@yearin.com', 1, 2.7),
('ddilello@yearin.com', 6, 1.1),
('ddinos@sumace.com', 2, 3.0),
('ddrymon@gogozoom.com', 1, 3.2),
('ddubaldi@conecom.com', 1, 3.9),
('deanes@faxquote.com', 4, 1.7),
('demard@scotfind.com', 2, 1.0),
('demard@scotfind.com', 3, 2.1),
('deschberger@groovestreet.com', 2, 1.2),
('dfallick@condax.com', 1, 1.9),
('dfigeroa@sunnamplex.com', 5, 2.2),
('dfishburne@xx-holding.com', 4, 0.7),
('dfortino@silis.com', 1, 3.7),
('dfrancescon@plusstrip.com', 1, 14.1),
('dgabisi@scottech.com', 1, 3.0),
('dgellinger@donware.com', 3, 3.1),
('dgillian@rantouch.com', 2, 2.1),
('dgillian@rantouch.com', 3, 4.7),
('dgleich@konmatfix.com', 1, 2.0),
('dgleich@konmatfix.com', 3, 5.1),
('dgochal@rundofase.com', 1, 2.8),
('dgochal@rundofase.com', 2, 4.0),
('dgochal@rundofase.com', 3, 2.7),
('dgoldammer@scottech.com', 1, 19.2),
('dgoldammer@scottech.com', 2, 2.2),
('dharabedian@sonron.com', 2, 1.6),
('dharnos@toughzap.com', 4, 1.6),
('dhirpara@scotfind.com', 1, 10.7),
('dhirpara@scotfind.com', 4, 2.0),
('dhoopengardner@domzoom.com', 2, 1.9),
('diturbide@dontechi.com', 3, 3.1),
('diturbide@rangreen.com', 2, 9.8),
('diturbide@rangreen.com', 4, 4.0),
('diturbide@toughzap.com', 2, 4.6),
('djacobos@domzoom.com', 4, 0.8),
('dkampa@hottechi.com', 4, 7.1),
('dkeneipp@lexiqvolax.com', 1, 2.1),
('dkeneipp@lexiqvolax.com', 2, 2.6),
('dketelsen@y-corporation.com', 1, 3.8),
('dkippley@scotfind.com', 1, 2.7),
('dknipp@plexzap.com', 1, 3.3),
('dkohnert@j-texon.com', 2, 1.2),
('dlietz@zoomit.com', 1, 1.0),
('dlinahan@conecom.com', 2, 14.1),
('dlindall@bioholding.com', 3, 0.2),
('dlipke@sumace.com', 5, 4.7),
('dlipke@sumace.com', 6, 2.0),
('dlipke@sumace.com', 8, 2.5),
('dlipke@sumace.com', 9, 10.1),
('dloader@nam-zim.com', 1, 4.4),
('dloder@lexiqvolax.com', 1, 1.4),
('dloder@lexiqvolax.com', 3, 3.5),
('dlukasik@statholdings.com', 1, 1.3),
('dmaile@sunnamplex.com', 1, 4.8),
('dmaisto@dalttechnology.com', 2, 1.5),
('dmaisto@singletechno.com', 1, 2.1),
('dmanno@inity.com', 3, 1.4),
('dmanno@j-texon.com', 2, 1.2),
('dmastella@donquadtech.com', 1, 2.2),
('dmastella@donquadtech.com', 2, 6.6),
('dmastella@donquadtech.com', 3, 7.3),
('dmastella@kinnamplus.com', 3, 0.6),
('dmauson@openlane.com', 1, 3.1),
('dmccullan@y-corporation.com', 3, 3.1),
('dmeinerding@rangreen.com', 2, 0.7),
('dmeinerding@rangreen.com', 3, 0.8),
('dmeisel@kan-code.com', 2, 1.3),
('dmeisel@kan-code.com', 3, 1.0),
('dmenter@ontomedia.com', 3, 1.3),
('dmorasca@toughzap.com', 3, 3.4),
('dmugnolo@ontomedia.com', 1, 1.7),
('dmunns@doncon.com', 1, 2.6),
('dmunns@ontomedia.com', 1, 11.1),
('dnabours@warephase.com', 2, 4.8),
('dnicolozakes@kinnamplus.com', 2, 4.3),
('dnicolozakes@kinnamplus.com', 4, 1.4),
('dogg@openlane.com', 2, 4.3),
('dogg@openlane.com', 4, 1.2),
('doles@doncon.com', 1, 1.3),
('doles@hottechi.com', 2, 2.5),
('donofrio@fasehatice.com', 2, 1.4),
('dpadilla@inity.com', 1, 3.4),
('dpadilla@inity.com', 3, 2.7),
('dpalaia@sumace.com', 2, 2.5),
('dpapasergi@iselectrics.com', 3, 8.6),
('dpaprocki@rangreen.com', 6, 2.5),
('dpatak@gogozoom.com', 3, 6.8),
('dpedrozo@sunnamplex.com', 4, 0.9),
('dpedrozo@sunnamplex.com', 6, 4.2),
('dperruzza@ron-tech.com', 6, 1.7),
('dpinilla@singletechno.com', 7, 0.4),
('dplumer@cancity.com', 1, 1.6),
('dpugh@faxquote.com', 1, 6.3),
('draymo@mathtouch.com', 1, 12.1),
('driopelle@streethex.com', 1, 5.5),
('drodeigues@scotfind.com', 1, 0.9),
('drodeigues@scotfind.com', 2, 0.9),
('drodeigues@scotfind.com', 3, 1.3),
('druta@lexiqvolax.com', 1, 0.4),
('druta@lexiqvolax.com', 4, 0.9),
('dryser@betatech.com', 3, 0.5),
('dryser@zathunicon.com', 1, 3.1),
('dryser@zathunicon.com', 4, 3.3),
('dsamu@zencorporation.com', 4, 3.7),
('dsarao@silis.com', 3, 3.3),
('dsarbacher@bioplex.com', 2, 3.5),
('dschieler@hatfan.com', 2, 2.2),
('dseewald@inity.com', 1, 5.0),
('dsergi@ganjaflex.com', 2, 1.7),
('dshinko@konmatfix.com', 1, 1.7),
('dshinko@zencorporation.com', 3, 1.1),
('dshinko@zencorporation.com', 6, 1.6),
('dshinko@zencorporation.com', 12, 3.0),
('dshire@sonron.com', 1, 0.9),
('dskulski@toughzap.com', 3, 3.1),
('dskulski@toughzap.com', 5, 7.9),
('dskulski@toughzap.com', 6, 2.8),
('dskulski@warephase.com', 5, 2.0),
('dskulski@warephase.com', 6, 3.9),
('dstaback@betatech.com', 5, 1.9),
('dsteier@condax.com', 1, 5.6),
('dsteier@scottech.com', 1, 1.5),
('dswayze@rantouch.com', 6, 3.4),
('dsweely@funholding.com', 4, 0.9),
('dsweely@funholding.com', 7, 6.3),
('dtillotson@newex.com', 1, 3.4),
('dtillotson@newex.com', 2, 1.6),
('dtreston@opentech.com', 4, 2.0),
('dtromblay@ron-tech.com', 3, 0.3),
('dvillanueva@konex.com', 1, 6.0),
('dwardrip@gogozoom.com', 2, 0.3),
('dwardrip@zencorporation.com', 3, 1.0),
('dwardrip@zencorporation.com', 4, 1.1),
('dweglarz@finjob.com', 3, 3.1),
('dweirather@codehow.com', 1, 3.5),
('dwenner@xx-holding.com', 2, 1.9),
('dwenzinger@zoomit.com', 4, 4.3),
('dwrinkles@dambase.com', 2, 3.4),
('dwrinkles@dambase.com', 3, 2.3),
('dyglesias@ontomedia.com', 2, 7.3),
('dyglesias@ontomedia.com', 3, 2.8),
('dyglesias@ontomedia.com', 4, 3.9),
('dzepp@labdrill.com', 1, 2.4),
('eagramonte@treequote.com', 2, 1.7),
('eagramonte@treequote.com', 4, 6.2),
('eandreason@konex.com', 6, 1.1),
('earias@newex.com', 1, 3.5),
('ebevelacqua@condax.com', 1, 1.3),
('ebevelacqua@condax.com', 4, 4.2),
('ebevelacqua@condax.com', 7, 1.7),
('ebilden@bioholding.com', 3, 0.4),
('ebirkner@plussunin.com', 1, 3.8),
('eblunk@hatfan.com', 2, 10.9),
('ebuemi@ontomedia.com', 1, 1.0),
('ebuemi@ontomedia.com', 6, 7.2),
('eburnard@newex.com', 1, 2.3),
('eburnard@newex.com', 2, 2.2),
('ecork@sunnamplex.com', 4, 1.3),
('ecork@sunnamplex.com', 5, 4.4),
('ecork@sunnamplex.com', 7, 1.0),
('edaufeldt@rantouch.com', 1, 4.7),
('edaufeldt@rantouch.com', 2, 1.7),
('edeleo@treequote.com', 1, 1.4),
('edeleo@treequote.com', 4, 1.8),
('ediestel@stanredtax.com', 2, 1.3),
('ediestel@stanredtax.com', 3, 10.1),
('efigeroa@zoomit.com', 4, 3.3),
('eflister@dalttechnology.com', 4, 8.9),
('eflosi@newex.com', 2, 7.3),
('efredicks@j-texon.com', 1, 4.0),
('egwalthney@rantouch.com', 1, 20.2),
('ehagele@plussunin.com', 1, 1.5),
('ehamilton@statholdings.com', 4, 1.4),
('eherritt@zotware.com', 1, 9.1),
('ehixenbaugh@rangreen.com', 2, 0.9),
('ehixenbaugh@rangreen.com', 6, 1.1),
('ehudnall@zumgoity.com', 4, 9.4),
('ehudnall@zumgoity.com', 5, 4.8),
('ehudnall@zumgoity.com', 6, 1.2),
('eisaacs@y-corporation.com', 1, 2.6),
('ekaniecki@bioplex.com', 1, 3.2),
('ekarpel@codehow.com', 3, 12.7),
('ekarpel@codehow.com', 4, 3.3),
('ekiel@stanredtax.com', 2, 2.8),
('ekolmetz@dambase.com', 2, 2.1),
('ekolmetz@dambase.com', 3, 8.3),
('ekolmetz@dambase.com', 4, 1.4),
('elatzke@cancity.com', 1, 2.3),
('elatzke@gogozoom.com', 1, 1.7),
('elatzke@gogozoom.com', 2, 2.3),
('elayous@opentech.com', 1, 1.3),
('elimmel@funholding.com', 2, 2.8),
('elinahan@zotware.com', 1, 11.3),
('elindall@domzoom.com', 2, 0.7),
('elipke@plusstrip.com', 1, 1.6),
('elipke@plusstrip.com', 2, 4.3),
('elipke@plusstrip.com', 3, 1.5),
('elipkin@codehow.com', 1, 4.6),
('elipkin@codehow.com', 3, 8.0),
('elorens@zencorporation.com', 2, 1.9),
('elother@y-corporation.com', 2, 6.2),
('elother@y-corporation.com', 3, 7.5),
('elungren@finhigh.com', 1, 4.2),
('emartabano@ganjaflex.com', 1, 9.0),
('emartabano@ganjaflex.com', 2, 6.3),
('ematuszak@toughzap.com', 6, 2.1),
('emaynerich@iselectrics.com', 2, 1.8),
('emconnell@plussunin.com', 1, 1.2),
('emerced@opentech.com', 1, 0.6),
('emerced@opentech.com', 3, 0.3),
('emeteer@plussunin.com', 1, 0.3),
('emeteer@plussunin.com', 2, 0.3),
('emeteer@plussunin.com', 3, 0.4),
('emirafuentes@mathtouch.com', 3, 6.1),
('emirafuentes@streethex.com', 3, 2.4),
('emiro@zathunicon.com', 1, 1.9),
('emonarrez@condax.com', 3, 1.8),
('emontezuma@year-job.com', 2, 13.5),
('emontezuma@year-job.com', 3, 7.7),
('emorocco@inity.com', 3, 2.1),
('emugnolo@dontechi.com', 1, 2.8),
('enestle@silis.com', 1, 1.3),
('enewville@ganjaflex.com', 3, 8.5),
('eoldroyd@dalttechnology.com', 3, 8.8),
('eostrosky@y-corporation.com', 1, 1.1),
('eostrosky@y-corporation.com', 3, 1.7),
('epaskin@y-corporation.com', 1, 7.0),
('eperigo@plexzap.com', 1, 3.9),
('eperigo@plexzap.com', 2, 1.5),
('epoquette@goodsilron.com', 1, 2.4),
('epoquette@goodsilron.com', 3, 11.7),
('erhoden@betasoloin.com', 1, 6.6),
('erhymes@betatech.com', 1, 3.5),
('eruta@openlane.com', 3, 3.1),
('esarbacher@streethex.com', 2, 2.9),
('esawchuk@xx-zobam.com', 4, 5.4),
('esaylors@inity.com', 3, 8.8),
('esaylors@warephase.com', 1, 3.1),
('eschoeneck@hottechi.com', 2, 2.1),
('escriven@newex.com', 3, 1.8),
('esetter@goodsilron.com', 1, 2.6),
('esetter@nam-zim.com', 1, 1.2),
('esetter@nam-zim.com', 2, 1.7),
('esetter@nam-zim.com', 3, 2.5),
('eshin@zoomit.com', 1, 2.3),
('eslayton@funholding.com', 1, 3.0),
('esteier@kan-code.com', 4, 1.5),
('estem@newex.com', 4, 14.7),
('estoltzman@sunnamplex.com', 1, 2.9),
('esturiale@zoomit.com', 1, 3.9),
('eswayze@hatfan.com', 1, 2.9),
('eswayze@hatfan.com', 3, 4.3),
('eswayze@y-corporation.com', 3, 1.6),
('eswayze@y-corporation.com', 4, 7.7),
('esweigard@finjob.com', 3, 1.4),
('etawil@toughzap.com', 2, 2.9),
('ethreets@gogozoom.com', 6, 2.4),
('etromblay@dalttechnology.com', 5, 1.7),
('etromblay@dambase.com', 4, 1.6),
('etromblay@dambase.com', 5, 3.7),
('evanausdal@silis.com', 1, 11.0),
('evizarro@dontechi.com', 1, 6.2),
('evonasek@bioplex.com', 9, 3.8),
('ewaycott@opentech.com', 1, 3.9),
('ewhobrey@ron-tech.com', 2, 0.5),
('fadkin@plexzap.com', 2, 5.9),
('fauber@opentech.com', 3, 2.9),
('fauffrey@plussunin.com', 2, 2.5),
('fbaltimore@finhigh.com', 2, 2.0),
('fbeech@silis.com', 1, 2.1),
('fbeech@silis.com', 4, 2.5),
('fbrossart@funholding.com', 6, 2.1),
('fbrossart@funholding.com', 8, 5.9),
('fbutzen@mathtouch.com', 3, 2.6),
('fcantres@betatech.com', 2, 1.6),
('fcentini@statholdings.com', 3, 3.0),
('fcoody@plusstrip.com', 2, 2.4),
('fcoody@plusstrip.com', 4, 9.7),
('fcraghead@hatfan.com', 1, 1.4),
('fcronauer@finjob.com', 1, 1.2),
('fcrupi@betasoloin.com', 1, 1.3),
('fcrupi@betasoloin.com', 3, 1.5),
('fdewar@gogozoom.com', 1, 3.8),
('fdinos@treequote.com', 1, 0.3),
('femard@opentech.com', 1, 1.8),
('femard@opentech.com', 3, 4.2),
('feroman@newex.com', 3, 1.5),
('ffrankel@y-corporation.com', 1, 0.9),
('ffrankel@y-corporation.com', 2, 1.0),
('fgesick@sumace.com', 1, 3.4),
('fgillian@mathtouch.com', 1, 0.9),
('fgood@mathtouch.com', 4, 5.4),
('fgreenbush@bioplex.com', 1, 6.6),
('fgreenbush@bioplex.com', 3, 1.4),
('fgreenbush@lexiqvolax.com', 1, 6.7),
('fgudroe@hottechi.com', 1, 1.7),
('fisenhower@lexiqvolax.com', 1, 2.1),
('fjacobos@goodsilron.com', 2, 4.0),
('fkines@zumgoity.com', 2, 2.3),
('fkines@zumgoity.com', 4, 1.7),
('fkitzman@kinnamplus.com', 2, 8.7),
('fkitzman@kinnamplus.com', 3, 3.4),
('fklang@ganjaflex.com', 1, 7.4),
('fklimek@ron-tech.com', 1, 2.4),
('fkohnert@golddex.com', 2, 3.7),
('fkorando@scottech.com', 1, 1.5),
('fkorando@scottech.com', 2, 3.2),
('fkorando@scottech.com', 3, 5.2),
('fkorando@streethex.com', 4, 14.1),
('floader@rundofase.com', 1, 2.0),
('fmai@rundofase.com', 3, 3.9),
('fmalvin@sonron.com', 4, 2.9),
('fmalvin@sonron.com', 7, 1.6),
('fmastella@condax.com', 1, 3.2),
('fmaybury@zathunicon.com', 2, 1.7),
('fmaybury@zumgoity.com', 1, 8.0),
('fmaynerich@toughzap.com', 3, 2.1),
('fmirafuentes@fasehatice.com', 2, 3.8),
('fmirafuentes@zotware.com', 1, 1.6),
('fmondella@scottech.com', 1, 2.4),
('fmondella@scottech.com', 3, 1.9),
('fmonterrubio@lexiqvolax.com', 2, 3.1),
('fnachor@zotware.com', 1, 6.4),
('fneither@zumgoity.com', 1, 2.3),
('fnicka@condax.com', 1, 9.5),
('fpapasergi@mathtouch.com', 1, 3.8),
('fparvis@zencorporation.com', 4, 4.9),
('fpaulas@codehow.com', 2, 2.9),
('fpaulas@codehow.com', 4, 6.1),
('fpaulas@codehow.com', 5, 4.4),
('fpedrozo@inity.com', 2, 0.9),
('frhym@openlane.com', 3, 4.0),
('frhym@openlane.com', 8, 4.4),
('frodefer@dontechi.com', 3, 13.5),
('frodefer@rantouch.com', 3, 0.6),
('frodefer@rantouch.com', 4, 0.5),
('fryser@kinnamplus.com', 1, 2.1),
('fsaulter@codehow.com', 1, 1.4),
('fsaulter@codehow.com', 4, 3.1),
('fsaulter@codehow.com', 5, 1.9),
('fsayaphon@zotware.com', 4, 1.5),
('fschmierer@zencorporation.com', 3, 1.7),
('fshire@singletechno.com', 3, 1.5),
('fstem@isdom.com', 3, 3.4),
('fsweely@sonron.com', 3, 8.3),
('ftagala@codehow.com', 1, 1.2),
('ftawil@doncon.com', 1, 1.8),
('ftomasulo@golddex.com', 1, 4.0),
('ftomasulo@iselectrics.com', 1, 2.7),
('fvarriano@isdom.com', 2, 4.6),
('fventura@warephase.com', 3, 2.9),
('fvinning@dalttechnology.com', 2, 1.5),
('fvinning@dalttechnology.com', 3, 2.1),
('fvizarro@betasoloin.com', 4, 3.2),
('fwildfong@streethex.com', 1, 2.8),
('fwolfgramm@bioholding.com', 1, 4.5),
('gacey@iselectrics.com', 1, 1.5),
('gacey@iselectrics.com', 3, 1.1),
('gacey@y-corporation.com', 1, 2.6),
('gahle@hatfan.com', 4, 1.5),
('gahle@hatfan.com', 9, 1.0),
('gamyot@finhigh.com', 2, 2.8),
('gandreason@finjob.com', 2, 4.1),
('gangalich@iselectrics.com', 3, 3.1),
('garceo@faxquote.com', 2, 2.8),
('garceo@faxquote.com', 5, 4.9),
('gasar@cancity.com', 2, 2.1),
('gasar@cancity.com', 3, 6.5),
('gasar@nam-zim.com', 2, 6.1),
('gasar@nam-zim.com', 3, 2.1),
('gbarfield@green-plus.com', 1, 1.7),
('gbarfield@green-plus.com', 3, 1.2),
('gbarfield@zotware.com', 1, 0.4),
('gbartolet@scotfind.com', 1, 1.7),
('gbatman@dambase.com', 2, 1.2),
('gbatman@dambase.com', 3, 1.4),
('gbergesen@zencorporation.com', 1, 25.7),
('gbiddy@iselectrics.com', 4, 2.0),
('gborgman@openlane.com', 4, 2.8),
('gborgman@openlane.com', 5, 3.8),
('gborgman@openlane.com', 6, 6.1),
('gbubash@ganjaflex.com', 3, 11.0),
('gbubash@ganjaflex.com', 4, 2.4),
('gbubash@zoomit.com', 2, 2.7),
('gcandlish@newex.com', 3, 1.0),
('gcandlish@newex.com', 4, 1.7),
('gcanlas@betatech.com', 3, 1.7),
('gcantres@bioplex.com', 5, 0.2),
('gcantres@y-corporation.com', 4, 2.2),
('gcetta@kinnamplus.com', 2, 4.9),
('gchaffins@funholding.com', 3, 2.1),
('gcloney@newex.com', 1, 1.3),
('gcloney@newex.com', 2, 1.3),
('gcolaizzo@warephase.com', 4, 1.4),
('gcoody@stanredtax.com', 1, 2.8),
('gcork@labdrill.com', 4, 4.4),
('gcork@labdrill.com', 7, 2.3),
('gcryer@lexiqvolax.com', 3, 9.9),
('gcryer@lexiqvolax.com', 6, 1.3),
('gdallen@ron-tech.com', 2, 1.8),
('gdaufeldt@zumgoity.com', 4, 2.2),
('gdegonia@finjob.com', 1, 1.6),
('gdelasancha@hottechi.com', 3, 1.3),
('gdickerson@statholdings.com', 3, 4.3),
('gdubaldi@ron-tech.com', 1, 7.6),
('gdubaldi@ron-tech.com', 2, 13.3),
('geanes@lexiqvolax.com', 3, 3.8),
('geroman@plussunin.com', 3, 9.5),
('gfillingim@bioplex.com', 1, 1.6),
('gfillingim@bioplex.com', 2, 1.4),
('gfillingim@ontomedia.com', 1, 8.7),
('gfishburne@xx-holding.com', 3, 1.1),
('gflosi@hottechi.com', 1, 3.3),
('gfortino@yearin.com', 2, 13.1),
('ggotter@zumgoity.com', 1, 3.5),
('ggwalthney@konmatfix.com', 1, 1.3),
('ghalsey@statholdings.com', 1, 3.6),
('ghalsey@statholdings.com', 5, 1.5),
('gheintzman@statholdings.com', 2, 2.1),
('ginouye@finhigh.com', 3, 3.9),
('ginouye@scottech.com', 2, 1.8),
('gjeanty@zathunicon.com', 1, 3.3),
('gjulia@doncon.com', 1, 2.3),
('gkalafatis@dontechi.com', 2, 2.0),
('gkaniecki@gogozoom.com', 1, 2.8),
('gkannady@yearin.com', 1, 3.3),
('gkardas@xx-holding.com', 2, 3.5),
('gkardas@xx-holding.com', 3, 3.7),
('gkarpel@nam-zim.com', 3, 12.0),
('gkeneipp@rundofase.com', 1, 1.7),
('gkitzman@sumace.com', 1, 9.6),
('gkitzman@sumace.com', 2, 1.3),
('gkitzman@sumace.com', 4, 2.6),
('gklimek@rantouch.com', 11, 2.6),
('gkoppinger@newex.com', 5, 1.6),
('gkorando@streethex.com', 1, 12.1),
('glawler@hottechi.com', 2, 2.8),
('glorens@rangreen.com', 2, 4.5),
('glouissant@year-job.com', 1, 9.6),
('glukasik@scotfind.com', 3, 1.9),
('gmallett@warephase.com', 2, 1.8),
('gmallett@warephase.com', 5, 1.7),
('gmallett@warephase.com', 7, 2.0),
('gmcdoniel@golddex.com', 2, 3.7),
('gmeisel@faxquote.com', 1, 1.7),
('gmonarrez@golddex.com', 1, 2.0),
('gmoyd@nam-zim.com', 3, 6.0),
('gnunlee@sunnamplex.com', 1, 8.0),
('gnunlee@sunnamplex.com', 3, 2.6),
('gohms@kinnamplus.com', 3, 3.7),
('gohms@kinnamplus.com', 4, 7.8),
('gohms@rantouch.com', 1, 3.8),
('gohms@rantouch.com', 3, 4.3),
('gohms@toughzap.com', 1, 0.6),
('gohms@toughzap.com', 5, 2.1),
('gostolaza@scotfind.com', 2, 2.0),
('gostolaza@statholdings.com', 2, 1.9),
('gpaprocki@scotfind.com', 1, 3.1),
('gpaprocki@scotfind.com', 2, 2.1),
('gperigo@rangreen.com', 3, 2.0),
('gperin@ontomedia.com', 1, 3.8),
('gpoquette@stanredtax.com', 2, 1.1),
('gregusters@kan-code.com', 2, 2.4),
('gregusters@kan-code.com', 3, 1.8),
('grentfro@zoomit.com', 1, 1.4),
('grhoden@ontomedia.com', 4, 1.9),
('grhymes@konex.com', 1, 5.3),
('grhymes@konex.com', 2, 2.2),
('grhymes@konex.com', 3, 4.0),
('grhymes@konex.com', 4, 2.7),
('griopelle@codehow.com', 5, 1.7),
('growling@rangreen.com', 2, 1.5),
('gsahagun@streethex.com', 3, 1.9),
('gsaras@warephase.com', 1, 3.4),
('gsawchuk@labdrill.com', 1, 0.9),
('gschmaltz@golddex.com', 3, 2.5),
('gschnitzler@toughzap.com', 1, 1.8),
('gschnitzler@toughzap.com', 3, 2.0),
('gschoeneck@isdom.com', 2, 5.1),
('gscriven@plusstrip.com', 1, 3.6),
('gsetter@labdrill.com', 1, 4.1),
('gshealy@golddex.com', 3, 1.7),
('gsmith@zumgoity.com', 1, 7.1),
('gsmith@zumgoity.com', 4, 3.3),
('gspringe@bioplex.com', 1, 5.1),
('gspringe@zumgoity.com', 5, 1.2),
('gstem@bioplex.com', 2, 3.5),
('gthyberg@labdrill.com', 2, 3.8),
('gtjepkema@gogozoom.com', 4, 3.6),
('gtomasulo@finjob.com', 1, 2.7),
('gtoyama@labdrill.com', 1, 1.2),
('gtromblay@conecom.com', 1, 2.5),
('gventura@bioplex.com', 1, 0.8),
('gventura@fasehatice.com', 5, 3.2),
('gvizarro@konex.com', 8, 2.0),
('gwaycott@blackzim.com', 1, 1.4),
('gwaycott@blackzim.com', 4, 1.2),
('gwenner@toughzap.com', 1, 6.5),
('gwide@zencorporation.com', 2, 6.0),
('gwildfong@ganjaflex.com', 3, 2.7),
('gyaw@statholdings.com', 4, 1.7),
('habdallah@newex.com', 1, 4.7),
('harceo@rantouch.com', 2, 1.8),
('hauber@lexiqvolax.com', 1, 1.3),
('hauber@lexiqvolax.com', 2, 1.1),
('hauber@rantouch.com', 1, 3.2),
('hauber@rantouch.com', 2, 1.1),
('hauber@rantouch.com', 4, 1.8),
('hauber@rantouch.com', 5, 2.0),
('hbeech@warephase.com', 1, 1.8),
('hbenimadho@finhigh.com', 1, 1.4),
('hbenimadho@finhigh.com', 4, 0.9),
('hbolognia@zotware.com', 3, 7.4),
('hborgman@condax.com', 3, 0.7),
('hborgman@condax.com', 4, 0.7),
('hbreland@zumgoity.com', 1, 13.8),
('hbuemi@finhigh.com', 1, 3.1),
('hcampain@blackzim.com', 1, 8.3),
('hcanlas@toughzap.com', 2, 2.1),
('hcastros@faxquote.com', 1, 4.9),
('hchavous@bioholding.com', 1, 1.3),
('hchavous@bioholding.com', 8, 1.4),
('hcomnick@zathunicon.com', 1, 3.4),
('hdallen@goodsilron.com', 5, 2.1),
('hdeleo@funholding.com', 1, 1.1),
('hdeleo@funholding.com', 3, 0.7),
('hdickerson@hottechi.com', 3, 8.3),
('hdorshorst@betatech.com', 1, 12.2),
('hfern@groovestreet.com', 2, 2.7),
('hfrancescon@treequote.com', 3, 3.2),
('hgalam@y-corporation.com', 1, 1.8),
('hgalam@y-corporation.com', 3, 1.3),
('hhixenbaugh@mathtouch.com', 3, 3.6),
('hhixenbaugh@mathtouch.com', 4, 1.3),
('hhoogland@ron-tech.com', 1, 2.5),
('hkarpel@mathtouch.com', 1, 2.4),
('hkeetch@betasoloin.com', 2, 5.9),
('hkitzman@zathunicon.com', 2, 3.0),
('hkitzman@zathunicon.com', 4, 1.4),
('hkitzman@zathunicon.com', 5, 1.4),
('hkitzman@zathunicon.com', 6, 2.8),
('hkitzman@zathunicon.com', 8, 1.3),
('hkitzman@zathunicon.com', 9, 2.2),
('hklonowski@singletechno.com', 2, 1.1),
('hkusko@doncon.com', 1, 2.3),
('hlapage@scotfind.com', 1, 1.8),
('hlapage@scotfind.com', 10, 7.6),
('hmallett@groovestreet.com', 1, 1.6),
('hmallett@groovestreet.com', 3, 1.5),
('hmcnease@finjob.com', 2, 2.7),
('hmcnease@finjob.com', 3, 2.5),
('hmeteer@newex.com', 2, 0.6),
('hmeteer@newex.com', 4, 1.1),
('hmodzelewski@zathunicon.com', 2, 9.4),
('hmonterrubio@isdom.com', 1, 1.3),
('hnewville@groovestreet.com', 2, 1.2),
('hnewville@statholdings.com', 2, 4.9),
('hnewville@statholdings.com', 3, 2.0),
('hpatak@fasehatice.com', 1, 2.4),
('hpelkowski@scottech.com', 1, 3.3),
('hragel@sunnamplex.com', 1, 1.0),
('hregusters@zoomit.com', 1, 1.4),
('hregusters@zoomit.com', 3, 0.5),
('hrhoden@zoomit.com', 2, 0.9),
('hrhoden@zoomit.com', 3, 0.9),
('hriden@dalttechnology.com', 4, 2.2),
('hriopelle@ron-tech.com', 5, 5.7),
('hrodenberger@blackzim.com', 1, 3.5),
('hroyster@domzoom.com', 3, 1.2),
('hroyster@domzoom.com', 4, 1.2),
('hsahagun@scotfind.com', 2, 3.5),
('hsaulter@scotfind.com', 4, 1.3),
('hsetter@bioplex.com', 3, 2.4),
('hstimmel@bioholding.com', 2, 1.4),
('hstimmel@bioholding.com', 3, 0.9),
('hstoltzman@mathtouch.com', 2, 2.0),
('hwalthall@nam-zim.com', 1, 1.1),
('hwalthall@nam-zim.com', 3, 1.4),
('hwolny@rantouch.com', 1, 1.9),
('icampain@stanredtax.com', 4, 0.7),
('icampain@stanredtax.com', 6, 1.2),
('icartan@zoomit.com', 6, 0.4),
('icetta@finhigh.com', 1, 1.0),
('icetta@finhigh.com', 2, 1.6),
('icookey@sonron.com', 3, 4.6),
('idelasancha@mathtouch.com', 1, 4.5),
('idilliard@konmatfix.com', 1, 2.5),
('iferencz@conecom.com', 2, 2.1),
('ifrerking@groovestreet.com', 2, 1.9),
('ifrey@yearin.com', 1, 2.1),
('ihalsey@dontechi.com', 2, 1.4),
('ihalsey@dontechi.com', 3, 9.6),
('iiturbide@y-corporation.com', 3, 12.7),
('ijacobos@dambase.com', 1, 13.3),
('ikarpel@dontechi.com', 1, 2.1),
('imaile@plexzap.com', 4, 1.1),
('imalvin@toughzap.com', 3, 2.5),
('imalvin@toughzap.com', 4, 2.5),
('imartabano@dambase.com', 1, 2.7),
('imartabano@dambase.com', 2, 3.1),
('imartabano@dambase.com', 3, 1.3),
('imartabano@j-texon.com', 1, 4.1),
('imerced@nam-zim.com', 1, 1.5),
('imiro@conecom.com', 3, 2.5),
('ioles@betasoloin.com', 4, 1.1),
('ioles@fasehatice.com', 1, 1.7),
('isahagun@golddex.com', 2, 4.8),
('isuffield@gogozoom.com', 1, 2.5),
('isuffield@gogozoom.com', 2, 1.6),
('iyori@openlane.com', 2, 2.9),
('jabdallah@sonron.com', 1, 1.8),
('jagramonte@stanredtax.com', 4, 3.2),
('jamigon@yearin.com', 1, 3.3),
('jamyot@groovestreet.com', 1, 2.3),
('jarias@scottech.com', 3, 3.0),
('jauffrey@singletechno.com', 2, 7.6),
('jauffrey@stanredtax.com', 1, 2.3),
('jauffrey@yearin.com', 3, 1.2),
('jbarfield@hottechi.com', 1, 2.9),
('jbenimadho@condax.com', 2, 1.7),
('jbenimadho@condax.com', 4, 1.5),
('jbenimadho@condax.com', 7, 2.4),
('jbenimadho@konmatfix.com', 1, 1.9),
('jbennick@donquadtech.com', 1, 3.6),
('jbennick@donquadtech.com', 3, 1.9),
('jbennick@donquadtech.com', 6, 1.8),
('jbennick@stanredtax.com', 4, 1.0),
('jbevelacqua@dalttechnology.com', 2, 2.0),
('jbilden@fasehatice.com', 9, 1.5),
('jbitsuie@ganjaflex.com', 2, 7.0),
('jbitsuie@ganjaflex.com', 3, 1.0),
('jbitsuie@zumgoity.com', 1, 8.3),
('jbitsuie@zumgoity.com', 2, 5.1),
('jblunk@dalttechnology.com', 4, 1.0),
('jblunk@iselectrics.com', 1, 4.7),
('jblunk@iselectrics.com', 3, 4.0),
('jboord@j-texon.com', 1, 1.5),
('jborgman@statholdings.com', 3, 1.9),
('jboulter@betasoloin.com', 4, 9.2),
('jbriddick@toughzap.com', 1, 1.6),
('jbubash@iselectrics.com', 1, 8.9),
('jbubash@iselectrics.com', 2, 6.5),
('jcaldarera@plussunin.com', 1, 1.5),
('jcaldarera@stanredtax.com', 4, 6.1),
('jcaldarera@stanredtax.com', 6, 1.4),
('jcalvaresi@funholding.com', 1, 0.9),
('jcandlish@ontomedia.com', 2, 4.0),
('jcantres@sonron.com', 2, 1.8),
('jchaffins@kan-code.com', 5, 5.9),
('jchui@dontechi.com', 3, 1.3),
('jcolla@silis.com', 2, 4.4),
('jcolla@zoomit.com', 3, 1.4),
('jcolla@zoomit.com', 5, 2.0),
('jcomnick@scottech.com', 1, 2.7),
('jcorrington@treequote.com', 1, 1.1),
('jdaufeldt@y-corporation.com', 2, 2.7),
('jdemesa@faxquote.com', 1, 18.5),
('jdevreese@y-corporation.com', 7, 2.5),
('jdewar@ron-tech.com', 3, 2.4),
('jdinos@iselectrics.com', 2, 1.9),
('jdinos@iselectrics.com', 6, 5.6),
('jdrymon@plussunin.com', 2, 0.7),
('jdubaldi@faxquote.com', 1, 2.1),
('jeroman@isdom.com', 1, 1.4),
('jeroman@isdom.com', 2, 2.2),
('jeschberger@nam-zim.com', 2, 1.6),
('jfallick@streethex.com', 5, 7.1),
('jfarrow@finjob.com', 1, 4.3),
('jfelger@nam-zim.com', 2, 2.5),
('jfigeroa@bioplex.com', 1, 2.5),
('jfigeroa@bioplex.com', 2, 13.4),
('jfortino@fasehatice.com', 1, 10.7),
('jgabisi@domzoom.com', 3, 0.8),
('jgellinger@treequote.com', 4, 1.4),
('jgillaspie@streethex.com', 1, 2.1),
('jglick@kan-code.com', 3, 13.0),
('jgochal@plussunin.com', 1, 6.7),
('jgrenet@iselectrics.com', 2, 3.1),
('jgwalthney@konex.com', 5, 2.3),
('jhamilton@rangreen.com', 1, 6.7),
('jhamilton@rangreen.com', 2, 6.1),
('jhauenstein@conecom.com', 1, 1.4),
('jhauenstein@conecom.com', 3, 6.8),
('jhauenstein@kinnamplus.com', 3, 0.6),
('jhaufler@rantouch.com', 2, 5.7),
('jhiatt@silis.com', 1, 0.9),
('jhochard@xx-holding.com', 1, 4.3),
('jhochard@xx-holding.com', 2, 1.5),
('jhochard@zathunicon.com', 1, 2.9),
('jhudnall@rundofase.com', 2, 1.6),
('jhudnall@streethex.com', 2, 4.5),
('jhughey@statholdings.com', 3, 2.7),
('jjeanty@plexzap.com', 2, 3.0),
('jjeanty@plexzap.com', 3, 2.1),
('jjeanty@plexzap.com', 4, 1.7),
('jjuvera@gogozoom.com', 2, 1.6),
('jjuvera@gogozoom.com', 3, 0.7),
('jkalafatis@scottech.com', 3, 1.4),
('jkardas@green-plus.com', 1, 7.3),
('jkarpel@betasoloin.com', 1, 10.9),
('jkarpel@betasoloin.com', 2, 6.6),
('jkarpin@blackzim.com', 1, 3.0),
('jkeener@blackzim.com', 3, 1.7),
('jkeener@blackzim.com', 4, 4.6),
('jketelsen@treequote.com', 3, 2.6),
('jklang@sunnamplex.com', 1, 6.1),
('jklimek@silis.com', 1, 1.6),
('jkonopacki@sonron.com', 3, 1.3),
('jkusko@scotfind.com', 2, 1.4),
('jlace@zumgoity.com', 1, 1.4),
('jlace@zumgoity.com', 3, 3.3),
('jlatzke@donquadtech.com', 2, 3.4),
('jlawler@donware.com', 2, 2.9),
('jlawler@xx-zobam.com', 2, 1.0),
('jlimmel@bioplex.com', 3, 6.7),
('jlimmel@bioplex.com', 4, 16.3),
('jlipke@lexiqvolax.com', 1, 7.4),
('jlipke@lexiqvolax.com', 3, 3.6),
('jlipke@zotware.com', 2, 2.4),
('jlipke@zotware.com', 3, 2.2),
('jloader@opentech.com', 3, 1.1),
('jluczki@xx-holding.com', 4, 2.0),
('jluczki@xx-holding.com', 5, 0.5),
('jlukasik@bioholding.com', 1, 3.4),
('jmaclead@rundofase.com', 1, 4.5),
('jmaisto@domzoom.com', 1, 6.7),
('jmanno@plexzap.com', 3, 9.1),
('jmanno@plexzap.com', 7, 8.4),
('jmatuszak@betasoloin.com', 1, 6.5),
('jmatuszak@betasoloin.com', 3, 2.0),
('jmconnell@doncon.com', 1, 3.6),
('jmconnell@doncon.com', 2, 1.4),
('jmconnell@donware.com', 1, 0.6),
('jmcrae@green-plus.com', 2, 4.7),
('jmcrae@newex.com', 2, 2.8),
('jmelnyk@codehow.com', 2, 7.5),
('jmenter@goodsilron.com', 3, 3.0),
('jmenter@goodsilron.com', 4, 3.8),
('jmonarrez@warephase.com', 2, 0.5),
('jmondella@konex.com', 4, 2.7),
('jmonterrubio@singletechno.com', 3, 1.3),
('jmotley@plusstrip.com', 1, 1.2),
('jmotley@plusstrip.com', 3, 4.8),
('jmotley@plusstrip.com', 5, 3.2),
('jmoyd@condax.com', 2, 2.3),
('jneither@green-plus.com', 2, 6.2),
('jnicolozakes@nam-zim.com', 1, 6.8),
('jnicolozakes@nam-zim.com', 2, 3.1),
('jnicolozakes@nam-zim.com', 3, 10.7),
('jostrosky@bioplex.com', 1, 3.2),
('jpagliuca@yearin.com', 2, 1.0),
('jpagliuca@yearin.com', 4, 1.9),
('jpalaia@konmatfix.com', 2, 2.0),
('jparlato@plussunin.com', 2, 3.3),
('jparlato@plussunin.com', 4, 1.0),
('jperin@betasoloin.com', 1, 1.2),
('jpinilla@konex.com', 1, 1.8),
('jpinilla@konex.com', 2, 2.2),
('jpontoriero@ontomedia.com', 3, 5.1),
('jradde@y-corporation.com', 1, 5.0),
('jradde@y-corporation.com', 2, 3.2),
('jradde@y-corporation.com', 3, 7.6),
('jrauser@dalttechnology.com', 7, 0.8),
('jrauser@streethex.com', 1, 2.0),
('jraymo@opentech.com', 3, 2.1),
('jraymo@opentech.com', 4, 2.3),
('jrim@konmatfix.com', 10, 1.5),
('jrodefer@y-corporation.com', 1, 1.8),
('jryser@golddex.com', 2, 4.2),
('jsamu@xx-holding.com', 3, 1.3),
('jsarbacher@newex.com', 3, 2.9),
('jsawchuk@ron-tech.com', 3, 2.2),
('jscheyer@zumgoity.com', 1, 1.9),
('jscheyer@zumgoity.com', 3, 2.9),
('jschirpke@lexiqvolax.com', 4, 0.7),
('jschmierer@konex.com', 3, 2.3),
('jscipione@sonron.com', 2, 3.7),
('jseewald@domzoom.com', 1, 5.2),
('jseewald@domzoom.com', 6, 1.3),
('jseewald@plussunin.com', 2, 10.5),
('jsergi@xx-zobam.com', 3, 1.6),
('jshadrick@inity.com', 1, 1.9),
('jshields@nam-zim.com', 1, 1.1),
('jshields@nam-zim.com', 2, 5.8),
('jshin@treequote.com', 4, 2.2),
('jshin@treequote.com', 5, 0.9),
('jslayton@openlane.com', 1, 1.7),
('jslayton@openlane.com', 3, 3.8),
('jsmith@zathunicon.com', 3, 3.0),
('jsmith@zathunicon.com', 7, 2.5),
('jspickerman@donquadtech.com', 6, 1.8),
('jstaback@donquadtech.com', 5, 1.8),
('jstaback@konmatfix.com', 5, 1.6),
('jstaback@lexiqvolax.com', 4, 3.4),
('jstaback@plussunin.com', 2, 2.0),
('jstaback@plussunin.com', 3, 0.8),
('jsteffensmeier@konex.com', 2, 1.5),
('jstem@y-corporation.com', 2, 1.7),
('jstenseth@blackzim.com', 2, 2.4),
('jstorment@plusstrip.com', 3, 6.9),
('jsuell@y-corporation.com', 1, 2.0),
('jsweigard@zencorporation.com', 1, 0.8),
('jsweigard@zencorporation.com', 5, 2.3),
('jthreets@plusstrip.com', 1, 1.7),
('jtjepkema@silis.com', 2, 5.2),
('jtjepkema@silis.com', 3, 1.9),
('jtollner@dambase.com', 6, 1.0),
('jtollner@finjob.com', 3, 2.9),
('jtomblin@streethex.com', 1, 4.0),
('jturinetti@stanredtax.com', 1, 1.3),
('jturinetti@stanredtax.com', 2, 1.8),
('jventura@condax.com', 2, 2.0),
('jventura@golddex.com', 4, 1.3),
('jvonasek@kinnamplus.com', 2, 1.9),
('jvonasek@kinnamplus.com', 3, 2.6),
('jwalthall@singletechno.com', 1, 3.3),
('jwalthall@singletechno.com', 3, 1.7),
('jweglarz@singletechno.com', 2, 6.4),
('jweglarz@singletechno.com', 3, 2.0),
('jwitten@iselectrics.com', 1, 13.1),
('jwitten@iselectrics.com', 5, 1.4),
('jwolfgramm@faxquote.com', 2, 1.6),
('jwolfgramm@opentech.com', 1, 9.7),
('jwolfgramm@opentech.com', 3, 1.9),
('jzepp@condax.com', 1, 7.0),
('kabdallah@kinnamplus.com', 1, 2.5),
('kabdallah@kinnamplus.com', 2, 1.8),
('kacey@faxquote.com', 2, 5.4),
('kamyot@iselectrics.com', 1, 2.8),
('kauffrey@nam-zim.com', 3, 1.6),
('kblunk@domzoom.com', 1, 2.4),
('kboord@fasehatice.com', 1, 6.4),
('kbruschke@cancity.com', 5, 1.6),
('kburnard@xx-holding.com', 2, 1.5),
('kbutt@rundofase.com', 1, 6.2),
('kcaiafa@betasoloin.com', 1, 2.6),
('kcaiafa@plexzap.com', 1, 1.5),
('kcaiafa@plexzap.com', 4, 1.8),
('kcantres@opentech.com', 4, 1.6),
('kcantres@opentech.com', 5, 1.7),
('kcantres@opentech.com', 6, 5.6),
('kcaudy@iselectrics.com', 5, 5.0),
('kcaudy@iselectrics.com', 6, 1.6),
('kcolla@scotfind.com', 2, 0.8),
('kcork@mathtouch.com', 3, 2.3),
('kcork@nam-zim.com', 3, 2.1),
('kcoyier@xx-zobam.com', 1, 1.1),
('kdegonia@zathunicon.com', 2, 1.6),
('kdegonia@zathunicon.com', 3, 1.8),
('kdegonia@zathunicon.com', 6, 6.2),
('kdewar@silis.com', 2, 2.2),
('kdickerson@isdom.com', 4, 4.3),
('kdilliard@dontechi.com', 2, 2.0),
('kdilliard@dontechi.com', 5, 2.1),
('kdinos@openlane.com', 5, 3.4),
('kdinos@openlane.com', 6, 6.4),
('kduenas@conecom.com', 2, 3.0),
('kduenas@toughzap.com', 2, 1.2),
('kfern@domzoom.com', 3, 1.3),
('kfrey@rantouch.com', 1, 1.8),
('kfrey@rantouch.com', 3, 2.3),
('kfrey@rantouch.com', 4, 1.6),
('kfrey@zathunicon.com', 2, 9.2),
('kgibes@kinnamplus.com', 2, 2.4),
('kgobern@treequote.com', 3, 4.2),
('kgochal@faxquote.com', 3, 1.9),
('kgochal@faxquote.com', 4, 6.0),
('kgotter@hottechi.com', 2, 14.0),
('kgreenbush@openlane.com', 2, 2.9),
('khanafan@plexzap.com', 2, 1.5),
('kharabedian@cancity.com', 6, 8.9),
('khixenbaugh@doncon.com', 1, 16.8),
('kisenhower@dambase.com', 2, 2.0),
('kjillson@kan-code.com', 1, 1.9),
('kjillson@kan-code.com', 3, 1.6),
('kkaniecki@toughzap.com', 1, 3.7),
('kkaniecki@toughzap.com', 2, 2.5),
('kkannady@zathunicon.com', 1, 5.8),
('kkarpin@kan-code.com', 5, 3.8),
('kklimek@sumace.com', 2, 8.3),
('kklimek@sumace.com', 3, 2.4),
('kkolmetz@kinnamplus.com', 7, 1.8),
('klapage@betasoloin.com', 3, 0.5),
('klawler@opentech.com', 3, 10.1),
('klinahan@rundofase.com', 1, 4.7),
('kliukko@kan-code.com', 2, 5.7),
('klother@yearin.com', 1, 4.7),
('kmaclead@opentech.com', 2, 1.6),
('kmai@zotware.com', 2, 1.7),
('kmarrier@y-corporation.com', 8, 0.5),
('kmatuszak@yearin.com', 2, 11.9),
('kmcdoniel@fasehatice.com', 1, 1.5),
('kmirafuentes@silis.com', 1, 1.3),
('kmorocco@opentech.com', 1, 3.4),
('kmorocco@opentech.com', 3, 2.2),
('kmulqueen@yearin.com', 1, 1.3),
('kmulqueen@yearin.com', 2, 7.0),
('kmulqueen@yearin.com', 3, 8.1),
('kmyricks@y-corporation.com', 1, 1.8),
('kmyricks@y-corporation.com', 2, 3.8),
('knabours@faxquote.com', 1, 3.3),
('knachor@scotfind.com', 1, 1.6),
('knachor@scotfind.com', 3, 7.0),
('koldroyd@dambase.com', 1, 4.0),
('koles@xx-holding.com', 1, 4.1),
('koles@xx-holding.com', 3, 2.6),
('kpaskin@groovestreet.com', 3, 1.9),
('kpelkowski@stanredtax.com', 1, 3.0),
('kperin@dontechi.com', 3, 2.0),
('kperin@dontechi.com', 5, 2.0),
('kperin@dontechi.com', 6, 0.8),
('kpontoriero@xx-zobam.com', 2, 1.5),
('kpoquette@opentech.com', 1, 8.2),
('krauser@donquadtech.com', 4, 1.4),
('krauser@donquadtech.com', 6, 3.2),
('kraymo@xx-zobam.com', 2, 1.1),
('krentfro@betatech.com', 2, 0.9),
('krodeigues@zathunicon.com', 4, 1.1),
('krowling@konex.com', 3, 1.6),
('ksamu@goodsilron.com', 1, 2.5),
('kschemmer@scotfind.com', 3, 2.9),
('kschemmer@y-corporation.com', 2, 1.2),
('kseewald@streethex.com', 3, 6.2),
('kseewald@streethex.com', 6, 2.4),
('ksengbusch@goodsilron.com', 2, 1.2),
('ksengbusch@goodsilron.com', 4, 0.8),
('ksergi@finjob.com', 5, 3.3),
('kshields@ontomedia.com', 4, 1.5),
('kshin@betasoloin.com', 1, 14.8),
('kstaback@gogozoom.com', 2, 1.8),
('kstimmel@yearin.com', 3, 2.3),
('ksuell@cancity.com', 4, 1.6),
('ksuell@konex.com', 2, 2.1),
('ksuell@rangreen.com', 3, 1.8),
('ksuffield@j-texon.com', 1, 3.2),
('ksyrop@bioholding.com', 3, 3.3),
('ksyrop@bioholding.com', 5, 11.2),
('kthyberg@betasoloin.com', 1, 3.8),
('ktolfree@silis.com', 3, 3.9),
('ktomasulo@golddex.com', 1, 8.1),
('kvenere@cancity.com', 1, 2.2),
('kvillanueva@labdrill.com', 2, 3.7),
('kwardrip@y-corporation.com', 1, 6.6),
('kwardrip@y-corporation.com', 3, 5.9),
('kweight@rangreen.com', 3, 1.4),
('kwieser@dalttechnology.com', 4, 0.6),
('kwrinkles@rangreen.com', 1, 2.3),
('kyglesias@cancity.com', 2, 1.4),
('labdallah@xx-zobam.com', 1, 1.3),
('lacey@xx-zobam.com', 2, 3.5),
('lagramonte@singletechno.com', 3, 3.8),
('lagramonte@singletechno.com', 6, 2.4),
('larceo@betasoloin.com', 1, 5.1),
('larceo@scotfind.com', 1, 1.2),
('lbatman@betasoloin.com', 2, 2.0),
('lbeech@xx-zobam.com', 2, 1.1),
('lbergesen@dalttechnology.com', 2, 1.7),
('lbevelacqua@sonron.com', 2, 1.6),
('lbiddy@conecom.com', 3, 1.4),
('lbiddy@xx-holding.com', 2, 3.3),
('lblunk@doncon.com', 3, 2.5),
('lbolognia@dambase.com', 1, 0.4),
('lborgman@betasoloin.com', 2, 1.5),
('lborgman@funholding.com', 1, 1.8),
('lboulter@codehow.com', 3, 2.0),
('lboulter@condax.com', 4, 1.5),
('lboulter@plexzap.com', 1, 1.3),
('lboulter@plexzap.com', 3, 1.5),
('lboulter@plexzap.com', 4, 4.6),
('lbourbon@doncon.com', 2, 0.6),
('lbrossart@dalttechnology.com', 4, 3.0),
('lbrossart@finhigh.com', 1, 4.0),
('lbrossart@finhigh.com', 2, 2.5),
('lbrucato@bioholding.com', 1, 2.7),
('lbubash@rangreen.com', 4, 3.1),
('lcaiafa@statholdings.com', 3, 1.5),
('lcanlas@nam-zim.com', 2, 1.2),
('lcanlas@nam-zim.com', 4, 2.4),
('lcantres@xx-zobam.com', 1, 1.2),
('lcartan@scotfind.com', 2, 2.5),
('lchaffins@zotware.com', 1, 2.3),
('lchaffins@zotware.com', 5, 1.1),
('lchaffins@zotware.com', 6, 2.0),
('lchavous@betasoloin.com', 2, 3.7),
('lclaucherty@plussunin.com', 2, 0.8),
('lclaucherty@plussunin.com', 3, 0.9),
('lcloney@scotfind.com', 2, 3.3),
('lcloney@scotfind.com', 3, 5.4),
('lcork@scottech.com', 3, 3.6),
('lcork@zotware.com', 2, 2.4),
('lcorrington@labdrill.com', 3, 1.2),
('lcorrington@labdrill.com', 4, 1.7),
('lcraghead@donware.com', 1, 5.2),
('lcronauer@inity.com', 3, 1.0),
('ldallen@rundofase.com', 1, 3.7),
('ldarakjy@scotfind.com', 3, 0.9),
('ldaufeldt@dambase.com', 1, 1.7),
('ldaufeldt@dambase.com', 3, 2.6),
('ldaufeldt@dambase.com', 4, 1.4),
('ldegonia@kinnamplus.com', 3, 6.6),
('ldelasancha@donware.com', 2, 3.8),
('ldelasancha@donware.com', 4, 2.4),
('ldelasancha@funholding.com', 3, 3.6),
('ldeleo@ontomedia.com', 2, 0.6),
('ldeleo@ontomedia.com', 3, 4.0),
('ldevreese@finjob.com', 2, 5.7),
('ldhamer@finjob.com', 2, 1.2),
('ldhamer@finjob.com', 3, 1.1),
('ldhamer@finjob.com', 4, 1.3),
('ldilello@rundofase.com', 1, 1.6),
('ldinos@groovestreet.com', 2, 3.1),
('ldinos@scottech.com', 1, 3.9),
('ldiscipio@inity.com', 3, 3.7),
('ldopico@nam-zim.com', 1, 3.2),
('ldopico@warephase.com', 1, 0.7),
('ldopico@warephase.com', 3, 0.4),
('ldorshorst@plusstrip.com', 2, 2.7),
('lemard@openlane.com', 1, 1.3),
('lfarrow@donquadtech.com', 10, 2.0),
('lferrario@singletechno.com', 3, 4.6),
('lfishburne@cancity.com', 1, 2.4),
('lfishburne@cancity.com', 3, 6.6),
('lfishburne@konex.com', 3, 3.3),
('lflister@bioplex.com', 2, 2.5),
('lgabisi@mathtouch.com', 4, 1.3),
('lgabisi@openlane.com', 1, 1.5),
('lgabisi@openlane.com', 6, 4.4),
('lgabisi@openlane.com', 9, 1.5),
('lgellinger@rundofase.com', 5, 3.4),
('lgesick@green-plus.com', 2, 2.5),
('lgesick@green-plus.com', 3, 5.7),
('lgiguere@golddex.com', 1, 3.2),
('lgiguere@golddex.com', 6, 2.3),
('lglick@warephase.com', 1, 2.0),
('lgoldammer@zumgoity.com', 1, 12.3),
('lgrenet@zencorporation.com', 2, 1.7),
('lgwalthney@doncon.com', 4, 2.7),
('lharnos@doncon.com', 2, 1.7),
('lhellickson@donware.com', 1, 1.4),
('lhellickson@donware.com', 3, 1.4),
('lhellickson@donware.com', 4, 2.2),
('lhiatt@bioplex.com', 3, 5.3),
('lhiatt@bioplex.com', 5, 2.2),
('lhiatt@bioplex.com', 7, 6.0),
('lhiatt@singletechno.com', 1, 2.0),
('lhiatt@singletechno.com', 2, 2.1),
('lhixenbaugh@fasehatice.com', 2, 3.1),
('lhochard@donware.com', 2, 1.4),
('lhoffis@streethex.com', 7, 6.4),
('lhoneywell@xx-holding.com', 1, 6.1),
('lhughey@treequote.com', 1, 4.3),
('lisenhower@iselectrics.com', 1, 3.5),
('lisenhower@scottech.com', 1, 2.1),
('ljacobos@zencorporation.com', 2, 3.6),
('ljacobos@zencorporation.com', 3, 2.2),
('ljuhas@stanredtax.com', 1, 2.5),
('ljuhas@zencorporation.com', 1, 3.7),
('ljulia@konex.com', 1, 1.5),
('ljulia@ontomedia.com', 1, 1.0),
('ljurney@ganjaflex.com', 1, 3.4),
('lkampa@plussunin.com', 2, 1.8),
('lkampa@plussunin.com', 6, 1.2),
('lkannady@bioholding.com', 1, 8.4),
('lkannady@faxquote.com', 1, 2.0),
('lkarpin@yearin.com', 1, 4.6),
('lkeetch@bioholding.com', 1, 2.9),
('lkeetch@bioholding.com', 2, 6.1),
('lkeetch@bioholding.com', 3, 3.8),
('lkeetch@golddex.com', 1, 2.7),
('lkeetch@hatfan.com', 3, 5.6),
('lketelsen@bioholding.com', 1, 0.6),
('lketelsen@doncon.com', 1, 32.6),
('lkiel@condax.com', 3, 1.3),
('lkiel@condax.com', 6, 3.5),
('lkines@gogozoom.com', 3, 1.6),
('lklang@silis.com', 2, 1.4),
('lkohnert@plussunin.com', 2, 1.9),
('lkohnert@zumgoity.com', 1, 2.2),
('llabreche@rundofase.com', 3, 1.0),
('llace@bioplex.com', 3, 4.1),
('llace@xx-zobam.com', 1, 1.5),
('llawler@gogozoom.com', 1, 4.3),
('llawler@gogozoom.com', 2, 17.6),
('llawler@gogozoom.com', 4, 3.1),
('lleto@labdrill.com', 2, 1.6),
('llinahan@lexiqvolax.com', 5, 2.4),
('llipkin@finjob.com', 1, 2.1),
('llipkin@zumgoity.com', 1, 15.4),
('lloder@konmatfix.com', 1, 1.4),
('llother@treequote.com', 1, 7.7),
('llungren@plexzap.com', 1, 1.3),
('llungren@plexzap.com', 3, 1.7),
('lmaillard@kan-code.com', 1, 2.1),
('lmaillard@kan-code.com', 3, 5.5),
('lmaisto@stanredtax.com', 1, 0.7),
('lmallett@condax.com', 3, 5.1),
('lmallett@scotfind.com', 5, 2.6),
('lmalvin@sonron.com', 1, 3.4),
('lmaybury@plexzap.com', 2, 2.3),
('lmcdoniel@dambase.com', 1, 1.5),
('lmcdoniel@dambase.com', 3, 1.3),
('lmclaird@xx-holding.com', 2, 2.0),
('lmeisel@zotware.com', 1, 4.2),
('lmenter@hottechi.com', 6, 3.1),
('lmerced@rundofase.com', 4, 1.2),
('lmerced@rundofase.com', 7, 0.5),
('lmerced@rundofase.com', 8, 2.1),
('lmeteer@doncon.com', 4, 1.7),
('lmodzelewski@funholding.com', 3, 1.6),
('lmodzelewski@funholding.com', 5, 4.0),
('lmonarrez@bioplex.com', 1, 5.6),
('lmondella@toughzap.com', 4, 4.7),
('lmorocco@donquadtech.com', 4, 2.8),
('lmulqueen@isdom.com', 5, 2.1),
('lmulqueen@isdom.com', 6, 1.9),
('lmunis@condax.com', 1, 0.4),
('lnabours@plusstrip.com', 3, 2.7),
('lnewville@dontechi.com', 1, 0.6),
('logg@inity.com', 2, 1.9),
('lpalaia@warephase.com', 1, 3.2),
('lpalaia@yearin.com', 3, 1.6),
('lparlato@fasehatice.com', 2, 8.7),
('lparvis@betasoloin.com', 1, 6.5),
('lpaskin@groovestreet.com', 2, 1.9),
('lpaskin@groovestreet.com', 3, 3.4),
('lpaskin@groovestreet.com', 5, 1.8),
('lpaskin@groovestreet.com', 6, 3.0),
('lpaskin@isdom.com', 1, 2.6),
('lpaskin@isdom.com', 2, 1.2),
('lpawlowicz@rangreen.com', 6, 4.8),
('lperez@zathunicon.com', 2, 0.3),
('lpinilla@isdom.com', 2, 1.5),
('lpoullion@golddex.com', 1, 1.7),
('lpoullion@sonron.com', 2, 2.3),
('lpugh@funholding.com', 5, 2.8),
('lpugh@funholding.com', 6, 2.5),
('lpugh@yearin.com', 2, 7.7),
('lradde@hatfan.com', 1, 1.8),
('lradde@hatfan.com', 3, 3.2),
('lrauser@gogozoom.com', 2, 0.8),
('lrauser@gogozoom.com', 3, 0.4),
('lrauser@gogozoom.com', 4, 1.0),
('lraymo@fasehatice.com', 1, 3.6),
('lriden@inity.com', 2, 1.4),
('lriden@inity.com', 4, 4.0),
('lriden@inity.com', 5, 3.2),
('lriden@inity.com', 6, 1.7),
('lrodefer@inity.com', 3, 1.1),
('lrodefer@inity.com', 5, 2.3),
('lrodefer@inity.com', 6, 0.7),
('lrodeigues@konmatfix.com', 3, 4.6),
('lrowling@rundofase.com', 2, 1.4),
('lrowling@rundofase.com', 4, 0.6),
('lrowling@rundofase.com', 5, 0.7),
('lsahagun@betasoloin.com', 3, 1.7),
('lsama@rantouch.com', 1, 5.9),
('lsarao@plexzap.com', 2, 2.2),
('lsarao@plexzap.com', 3, 3.0),
('lsarbacher@warephase.com', 2, 1.6),
('lsaulter@rundofase.com', 2, 3.3),
('lschmierer@hottechi.com', 2, 4.1),
('lschoeneck@dontechi.com', 1, 3.0),
('lscriven@green-plus.com', 3, 3.4),
('lshadrick@sunnamplex.com', 1, 3.6),
('lshadrick@sunnamplex.com', 3, 3.8),
('lshin@fasehatice.com', 1, 8.2),
('lskursky@betatech.com', 1, 2.4),
('lskursky@betatech.com', 2, 3.2),
('lslayton@ontomedia.com', 1, 1.6),
('lsmith@goodsilron.com', 1, 10.6),
('lsteffensmeier@sumace.com', 2, 1.7),
('lstimmel@streethex.com', 2, 2.8),
('lstockham@groovestreet.com', 2, 1.3),
('lstockham@groovestreet.com', 6, 4.3),
('lstoltzman@ontomedia.com', 1, 2.3),
('lstoltzman@warephase.com', 2, 1.8),
('lsweigard@funholding.com', 2, 1.9),
('lsyrop@plexzap.com', 2, 1.7),
('lsyrop@plexzap.com', 3, 2.2),
('lsyrop@plexzap.com', 4, 1.1),
('lsyrop@rantouch.com', 2, 6.4),
('lsyrop@rantouch.com', 4, 5.3),
('ltagala@funholding.com', 2, 2.0),
('ltawil@scottech.com', 1, 2.9),
('ltawil@scottech.com', 4, 1.4),
('ltawil@scottech.com', 6, 1.4),
('ltawil@scottech.com', 8, 3.1),
('ltheodorov@cancity.com', 4, 9.0),
('ltheodorov@dambase.com', 1, 7.2),
('ltheodorov@silis.com', 1, 17.6),
('lthreets@zoomit.com', 1, 2.5),
('ltimenez@conecom.com', 1, 6.2),
('ltolfree@doncon.com', 2, 2.3),
('ltoyama@bioplex.com', 2, 16.5),
('ltoyama@bioplex.com', 3, 3.4),
('ltoyama@plexzap.com', 1, 8.3),
('ltoyama@plexzap.com', 2, 1.1),
('ltoyama@singletechno.com', 1, 2.1),
('lupthegrove@cancity.com', 2, 1.5),
('luyetake@zathunicon.com', 2, 0.6),
('lvarriano@bioholding.com', 6, 2.0),
('lvenere@lexiqvolax.com', 2, 2.8),
('lventura@donquadtech.com', 1, 1.7),
('lventura@donquadtech.com', 2, 2.0),
('lvonasek@zencorporation.com', 1, 4.2),
('lwaymire@rangreen.com', 1, 1.7),
('lweirather@singletechno.com', 1, 2.8),
('lweirather@singletechno.com', 4, 4.5),
('lweirather@streethex.com', 1, 0.5),
('lwenner@xx-zobam.com', 2, 2.0),
('lwieser@j-texon.com', 3, 2.6),
('lwiklund@newex.com', 3, 1.7),
('lyaw@zencorporation.com', 3, 1.7),
('lyum@zencorporation.com', 4, 2.6),
('lyum@zencorporation.com', 6, 1.5),
('lzane@condax.com', 1, 2.1),
('lzane@nam-zim.com', 1, 0.3),
('lzane@nam-zim.com', 2, 0.2),
('lzane@nam-zim.com', 4, 0.3),
('magramonte@green-plus.com', 1, 2.8),
('magramonte@warephase.com', 2, 5.9),
('magramonte@year-job.com', 4, 1.3),
('mamigon@inity.com', 1, 1.8),
('marias@opentech.com', 3, 1.3),
('mbartolet@kan-code.com', 3, 2.5),
('mbatman@inity.com', 2, 2.8),
('mbenimadho@stanredtax.com', 4, 3.6),
('mberlanga@donware.com', 2, 1.3),
('mberlanga@finjob.com', 1, 2.9),
('mberray@fasehatice.com', 1, 6.2),
('mberray@fasehatice.com', 3, 11.7),
('mbiddy@xx-holding.com', 1, 3.9),
('mbiddy@xx-holding.com', 4, 3.0),
('mbilden@bioplex.com', 2, 1.8),
('mblunk@condax.com', 5, 3.6),
('mblunk@hottechi.com', 1, 1.0),
('mblunk@inity.com', 1, 2.6),
('mblunk@inity.com', 2, 7.5),
('mblunk@inity.com', 3, 1.0),
('mblunk@rangreen.com', 1, 2.7),
('mboord@sumace.com', 2, 1.2),
('mborgman@golddex.com', 5, 0.6),
('mboulter@rangreen.com', 2, 5.7),
('mbourbon@silis.com', 4, 1.0),
('mbourbon@silis.com', 6, 2.3),
('mbowley@konmatfix.com', 3, 5.1),
('mbrachle@plussunin.com', 1, 3.5),
('mbreland@isdom.com', 3, 1.1),
('mbreland@scottech.com', 1, 4.4),
('mbuemi@funholding.com', 1, 6.9),
('mbutzen@bioplex.com', 3, 5.5),
('mbutzen@labdrill.com', 2, 1.5),
('mbuzick@j-texon.com', 3, 0.9),
('mbuzick@yearin.com', 1, 3.2),
('mbuzick@yearin.com', 2, 4.5),
('mbuzick@yearin.com', 3, 2.9),
('mcaiafa@ontomedia.com', 2, 3.4),
('mcaiafa@ontomedia.com', 3, 0.9),
('mcallaro@sonron.com', 3, 2.5),
('mcantres@ontomedia.com', 2, 3.6),
('mcaudy@year-job.com', 1, 3.4),
('mcetta@finhigh.com', 3, 1.3),
('mchaffins@blackzim.com', 1, 2.2),
('mchavous@inity.com', 1, 1.8),
('mclaucherty@warephase.com', 2, 4.6),
('mclaucherty@warephase.com', 3, 8.8),
('mcomnick@cancity.com', 2, 7.5),
('mcomnick@cancity.com', 4, 1.5),
('mcomnick@year-job.com', 1, 2.7),
('mdallen@condax.com', 3, 2.3),
('mdarakjy@zotware.com', 1, 1.1),
('mdegroot@labdrill.com', 3, 2.7),
('mdelasancha@streethex.com', 1, 2.4),
('mdeleo@sumace.com', 1, 2.3),
('mdiestel@ontomedia.com', 1, 7.0),
('meanes@singletechno.com', 2, 0.9),
('memard@treequote.com', 1, 1.0),
('mfeichtner@zathunicon.com', 1, 1.3),
('mfeichtner@zathunicon.com', 2, 1.8),
('mfern@newex.com', 1, 4.0),
('mfigeroa@warephase.com', 3, 2.7),
('mfoller@plexzap.com', 3, 2.8),
('mfrancescon@cancity.com', 2, 1.1),
('mfrancescon@rantouch.com', 1, 2.5),
('mfrerking@ron-tech.com', 2, 2.6),
('mgehrett@ganjaflex.com', 1, 1.2),
('mgibes@konmatfix.com', 1, 7.3),
('mgillaspie@year-job.com', 1, 3.4),
('mgleich@sonron.com', 1, 2.0),
('mgreenbush@zumgoity.com', 2, 1.3),
('mgwalthney@dontechi.com', 2, 2.1),
('mgwalthney@dontechi.com', 4, 2.5),
('mgwalthney@dontechi.com', 7, 2.1),
('mgwalthney@labdrill.com', 3, 1.6),
('mhagele@betasoloin.com', 3, 1.1),
('mhagele@treequote.com', 1, 1.8),
('mhanafan@hatfan.com', 1, 1.0),
('mharoldson@finjob.com', 6, 7.8),
('mhengel@inity.com', 1, 5.2),
('mhengel@newex.com', 1, 2.5),
('mhiatt@rantouch.com', 2, 1.4),
('mhoogland@newex.com', 1, 9.4),
('misenhower@j-texon.com', 2, 2.3),
('mjulia@rundofase.com', 1, 4.0),
('mkeener@plussunin.com', 1, 0.7),
('mkeener@plussunin.com', 3, 0.6),
('mkeetch@sumace.com', 1, 4.5),
('mkitty@lexiqvolax.com', 1, 1.8),
('mkitty@lexiqvolax.com', 3, 5.3),
('mklusman@finhigh.com', 1, 1.5),
('mklusman@finhigh.com', 3, 1.9),
('mklusman@konmatfix.com', 2, 2.9),
('mklusman@konmatfix.com', 3, 3.2),
('mknipp@zumgoity.com', 1, 1.4),
('mknipp@zumgoity.com', 2, 3.2),
('mkoppinger@zoomit.com', 2, 2.4),
('mkorando@donquadtech.com', 4, 1.6),
('mlayous@scotfind.com', 2, 2.0),
('mleinenbach@sunnamplex.com', 1, 5.5),
('mlizama@cancity.com', 3, 1.6),
('mlother@y-corporation.com', 1, 0.4),
('mlukasik@statholdings.com', 3, 2.9),
('mmadarang@betatech.com', 3, 1.8),
('mmadarang@blackzim.com', 1, 1.3),
('mmadarang@blackzim.com', 2, 0.9),
('mmarrier@mathtouch.com', 5, 5.0),
('mmatuszak@hottechi.com', 2, 1.5),
('mmatuszak@hottechi.com', 5, 2.4),
('mmatuszak@hottechi.com', 7, 1.3),
('mmccullan@domzoom.com', 3, 4.2),
('mmccullan@domzoom.com', 4, 1.2),
('mmclaird@doncon.com', 6, 1.9),
('mmclaird@groovestreet.com', 1, 2.1),
('mmclaird@groovestreet.com', 2, 1.5),
('mmclaird@groovestreet.com', 3, 4.6),
('mmenter@bioplex.com', 3, 3.0),
('mmenter@rantouch.com', 3, 1.6),
('mmontezuma@bioplex.com', 1, 3.1),
('mmorocco@lexiqvolax.com', 3, 2.2),
('mnachor@fasehatice.com', 2, 3.5),
('mnunlee@xx-holding.com', 2, 4.4),
('mnunlee@xx-holding.com', 3, 18.1),
('moles@gogozoom.com', 7, 3.1),
('mostrosky@konmatfix.com', 2, 1.5),
('mpaa@opentech.com', 2, 2.0),
('mpaa@toughzap.com', 1, 2.1),
('mpaa@toughzap.com', 4, 3.1),
('mpagliuca@zencorporation.com', 1, 1.4),
('mpagliuca@zencorporation.com', 5, 1.4),
('mpapasergi@rangreen.com', 1, 1.4),
('mpaskin@year-job.com', 2, 6.8),
('mpaulas@rantouch.com', 2, 2.1),
('mpaulas@ron-tech.com', 1, 6.1),
('mpaulas@sumace.com', 1, 2.5),
('mperigo@j-texon.com', 4, 2.2),
('mperigo@j-texon.com', 6, 1.9),
('mperruzza@bioplex.com', 1, 6.5),
('mpinilla@cancity.com', 1, 4.4),
('mplumer@plusstrip.com', 1, 3.8),
('mpolidori@year-job.com', 2, 1.2),
('mpolidori@year-job.com', 6, 1.5),
('mpugh@hottechi.com', 3, 2.8),
('mragel@kinnamplus.com', 1, 2.8),
('mragel@kinnamplus.com', 3, 2.7),
('mragel@kinnamplus.com', 5, 3.7),
('mragel@year-job.com', 1, 8.1),
('mragel@year-job.com', 2, 3.9),
('mrulapaugh@dontechi.com', 1, 1.3),
('msahagun@zotware.com', 1, 27.8),
('msamara@opentech.com', 3, 2.9),
('msarao@blackzim.com', 1, 3.0),
('msarao@blackzim.com', 3, 1.3),
('msarbacher@plusstrip.com', 2, 4.2),
('msaulter@stanredtax.com', 1, 5.9),
('msayaphon@betasoloin.com', 3, 1.1),
('mschemmer@silis.com', 1, 5.5),
('mschirpke@streethex.com', 3, 1.5),
('mschirpke@xx-zobam.com', 6, 2.6),
('mseewald@betatech.com', 2, 1.6),
('mseewald@betatech.com', 5, 1.7),
('msetter@ganjaflex.com', 4, 1.0),
('msetter@konex.com', 2, 4.9),
('msetter@konex.com', 3, 4.5),
('msimilton@betatech.com', 4, 1.7),
('msmith@dontechi.com', 1, 0.8),
('msmith@dontechi.com', 2, 5.9),
('msmith@dontechi.com', 4, 1.2),
('mstaback@dontechi.com', 3, 0.3),
('mstenseth@golddex.com', 2, 10.6),
('mstenseth@golddex.com', 3, 6.8),
('mstoltzman@scotfind.com', 6, 1.9),
('mstorment@bioplex.com', 1, 3.2),
('mstorment@streethex.com', 2, 2.2),
('mstrassner@zoomit.com', 2, 2.1),
('mstuer@dalttechnology.com', 4, 2.7),
('msuell@faxquote.com', 2, 1.0),
('msuffield@rantouch.com', 1, 8.0),
('msweigard@iselectrics.com', 3, 1.1),
('mtagala@condax.com', 3, 2.0),
('mtillotson@cancity.com', 3, 1.3),
('mtjepkema@plussunin.com', 1, 13.7),
('mtreston@singletechno.com', 3, 6.7),
('mtreston@singletechno.com', 4, 1.2),
('mupthegrove@isdom.com', 3, 4.2),
('mventura@funholding.com', 2, 2.9),
('mventura@y-corporation.com', 1, 10.3),
('mventura@y-corporation.com', 3, 1.8),
('mvizarro@hatfan.com', 1, 1.1),
('mvizarro@nam-zim.com', 6, 1.9),
('mwaycott@openlane.com', 1, 1.6),
('mweight@statholdings.com', 1, 6.0),
('mwide@sonron.com', 2, 0.4),
('mwieser@mathtouch.com', 1, 4.5),
('mwiklund@kan-code.com', 2, 2.8),
('mworlds@dontechi.com', 1, 6.6),
('mzagen@warephase.com', 3, 1.5),
('nacey@silis.com', 3, 3.8),
('nandreason@kinnamplus.com', 1, 7.0),
('nangalich@finjob.com', 3, 12.5),
('narceo@singletechno.com', 3, 2.7),
('narias@dalttechnology.com', 1, 6.8),
('nasar@scotfind.com', 2, 5.2),
('nbenimadho@xx-zobam.com', 1, 9.4),
('nbookamer@openlane.com', 3, 2.0),
('nbrucato@cancity.com', 1, 1.6),
('nbruschke@plusstrip.com', 5, 4.1),
('nbuzick@labdrill.com', 2, 2.4),
('nbuzick@labdrill.com', 3, 1.7),
('nbuzick@labdrill.com', 4, 2.3),
('ncentini@zumgoity.com', 1, 1.3),
('ncentini@zumgoity.com', 7, 1.9),
('ndaufeldt@betasoloin.com', 2, 1.6),
('ndaufeldt@betasoloin.com', 7, 1.7),
('ndaufeldt@labdrill.com', 1, 2.7),
('ndeleo@finjob.com', 1, 4.9),
('ndeleo@finjob.com', 2, 1.3),
('ndilliard@yearin.com', 3, 2.6),
('neschberger@betatech.com', 2, 1.2),
('nfrankel@ganjaflex.com', 3, 3.4),
('nfredicks@scottech.com', 2, 2.3),
('nfredicks@scottech.com', 3, 4.9),
('ngellinger@zencorporation.com', 1, 0.9),
('ngleich@opentech.com', 1, 1.5),
('ngochal@green-plus.com', 4, 1.8),
('ngochal@green-plus.com', 5, 2.2),
('nhanafan@statholdings.com', 1, 1.4),
('nhixenbaugh@betatech.com', 1, 2.6),
('nisaacs@finjob.com', 4, 2.3),
('nlabreche@bioplex.com', 3, 4.4),
('nlapage@statholdings.com', 2, 4.7),
('nlapage@statholdings.com', 3, 9.6),
('nlawler@scottech.com', 3, 1.9),
('nlawler@scottech.com', 7, 2.6),
('nlother@openlane.com', 1, 5.4),
('nlother@openlane.com', 2, 2.2),
('nmccullan@yearin.com', 1, 2.4),
('nmcrae@singletechno.com', 1, 1.8),
('nmerced@openlane.com', 2, 3.2),
('nmerced@openlane.com', 3, 1.8),
('nmodzelewski@inity.com', 3, 1.5),
('nmorasca@gogozoom.com', 4, 1.1),
('nnachor@ontomedia.com', 6, 4.1),
('nnayar@scotfind.com', 2, 1.8),
('nnayar@scotfind.com', 6, 1.9),
('nnicka@isdom.com', 1, 2.5),
('npagliuca@zumgoity.com', 7, 4.5),
('npaskin@codehow.com', 1, 2.9),
('nraymo@zotware.com', 2, 0.8),
('nrodenberger@isdom.com', 4, 10.6),
('nscheyer@plexzap.com', 1, 2.9),
('nscheyer@plexzap.com', 3, 2.6),
('nschoeneck@ganjaflex.com', 1, 2.3),
('nschoeneck@ganjaflex.com', 2, 2.9),
('nsimilton@y-corporation.com', 1, 3.4),
('nskursky@treequote.com', 2, 0.5),
('nstenseth@y-corporation.com', 3, 0.5),
('nstuer@statholdings.com', 1, 17.9),
('nswayze@zoomit.com', 1, 1.8),
('nswayze@zoomit.com', 4, 3.6),
('nthreets@xx-holding.com', 3, 4.1),
('nturinetti@goodsilron.com', 3, 4.9),
('nventura@rantouch.com', 3, 2.2),
('nweight@stanredtax.com', 2, 3.1),
('nwesterbeck@nam-zim.com', 2, 2.0),
('nwiklund@faxquote.com', 3, 1.5),
('nzane@year-job.com', 3, 7.0),
('nzepp@stanredtax.com', 2, 6.6),
('oemigh@bioholding.com', 4, 0.6),
('oengelberg@rantouch.com', 1, 2.2),
('ogellinger@codehow.com', 1, 2.7),
('ogellinger@codehow.com', 2, 1.6),
('ohellickson@donware.com', 3, 1.9),
('ojeanty@zotware.com', 3, 1.5),
('olapage@donware.com', 1, 8.6),
('opadilla@y-corporation.com', 1, 4.1),
('oparvis@dontechi.com', 7, 1.0),
('otollner@openlane.com', 1, 4.9),
('otollner@openlane.com', 2, 2.9),
('otollner@openlane.com', 3, 3.0),
('otollner@openlane.com', 4, 6.8),
('owesterbeck@lexiqvolax.com', 3, 1.4),
('owesterbeck@lexiqvolax.com', 6, 1.6),
('ozurcher@plexzap.com', 2, 1.7),
('ozurcher@plexzap.com', 3, 1.3),
('ozurcher@plexzap.com', 4, 4.8),
('ozurcher@plexzap.com', 6, 1.2),
('paredondo@green-plus.com', 1, 11.9),
('paredondo@green-plus.com', 3, 2.5),
('paredondo@green-plus.com', 4, 1.5),
('paredondo@green-plus.com', 6, 1.6),
('pbaltimore@openlane.com', 3, 0.3),
('pbarfield@dalttechnology.com', 3, 10.1),
('pbenimadho@scotfind.com', 1, 5.2),
('pbenimadho@scotfind.com', 2, 1.8),
('pbirkner@sunnamplex.com', 1, 2.8),
('pbirkner@sunnamplex.com', 2, 3.0),
('pbirkner@sunnamplex.com', 3, 3.3),
('pbriddick@nam-zim.com', 2, 3.7),
('pbrossart@rundofase.com', 1, 1.0),
('pdopico@faxquote.com', 2, 1.7),
('peschberger@xx-zobam.com', 2, 0.7),
('pgehrett@hottechi.com', 2, 2.4),
('pgellinger@plexzap.com', 1, 1.7),
('pkippley@conecom.com', 1, 4.0),
('pknipp@golddex.com', 2, 1.8),
('pknipp@golddex.com', 5, 3.3),
('pknipp@golddex.com', 6, 2.1),
('platzke@statholdings.com', 1, 3.0),
('plawler@nam-zim.com', 2, 1.6),
('playous@j-texon.com', 1, 1.5),
('pluczki@donware.com', 1, 1.2),
('pluczki@donware.com', 4, 4.9),
('pmarrier@zotware.com', 1, 1.3),
('pmcrae@ganjaflex.com', 4, 2.4),
('pmotley@kan-code.com', 4, 2.1),
('pnachor@golddex.com', 3, 3.1),
('pnachor@golddex.com', 4, 2.0),
('pnestle@zotware.com', 1, 7.0),
('pnestle@zotware.com', 3, 5.2),
('ponofrio@newex.com', 2, 6.9),
('postrosky@openlane.com', 1, 2.5),
('postrosky@openlane.com', 4, 1.6),
('postrosky@openlane.com', 5, 4.0),
('postrosky@openlane.com', 6, 7.8),
('postrosky@openlane.com', 7, 1.9),
('postrosky@openlane.com', 11, 0.9),
('postrosky@openlane.com', 12, 1.1),
('ppadilla@goodsilron.com', 1, 1.4),
('ppinilla@golddex.com', 2, 1.9),
('ppinilla@golddex.com', 3, 1.5),
('prauser@toughzap.com', 2, 3.8),
('priden@betatech.com', 2, 3.5),
('priopelle@konex.com', 2, 1.7),
('psaras@yearin.com', 1, 5.9),
('pscriven@kan-code.com', 2, 0.3),
('pskursky@singletechno.com', 3, 8.5),
('pwaycott@zathunicon.com', 1, 3.0),
('pwenner@inity.com', 1, 0.3),
('pzepp@sumace.com', 1, 8.3),
('qdarakjy@zoomit.com', 7, 2.5),
('qflister@domzoom.com', 1, 3.1),
('qflister@domzoom.com', 2, 2.4),
('qgobern@openlane.com', 1, 6.2),
('qgobern@openlane.com', 3, 2.0),
('qhalter@domzoom.com', 1, 3.5),
('qjeanty@xx-holding.com', 2, 1.0),
('qmclaird@zumgoity.com', 1, 2.6),
('qsawchuk@rangreen.com', 1, 3.6),
('qshinko@streethex.com', 1, 2.0),
('qshinko@streethex.com', 3, 1.4),
('qweirather@zoomit.com', 1, 5.2),
('racuff@rantouch.com', 2, 4.8),
('racuff@rantouch.com', 3, 2.5),
('radkin@condax.com', 1, 3.6),
('radkin@condax.com', 5, 1.3),
('radkin@statholdings.com', 2, 1.7),
('rankeny@doncon.com', 3, 1.6),
('rauber@faxquote.com', 3, 2.0),
('rauber@konex.com', 1, 2.1),
('rbachman@streethex.com', 2, 2.0),
('rbachman@streethex.com', 3, 2.3),
('rbaltimore@dambase.com', 2, 1.6),
('rbaltimore@ganjaflex.com', 3, 3.4),
('rbennick@warephase.com', 3, 2.1),
('rbiddy@betatech.com', 1, 3.0),
('rbitsuie@sonron.com', 6, 1.3),
('rblackwood@codehow.com', 5, 1.4),
('rblackwood@domzoom.com', 3, 1.2),
('rblackwood@domzoom.com', 6, 1.3),
('rblunk@zumgoity.com', 3, 3.9),
('rbolognia@plussunin.com', 1, 3.9),
('rbookamer@labdrill.com', 3, 0.7),
('rbookamer@plusstrip.com', 4, 3.8),
('rbourbon@ontomedia.com', 1, 0.6),
('rbrachle@hottechi.com', 3, 1.1),
('rbrucato@streethex.com', 3, 2.9),
('rbrucato@streethex.com', 5, 1.4),
('rbrucato@streethex.com', 6, 0.5),
('rcaiafa@domzoom.com', 1, 0.6),
('rcaiafa@domzoom.com', 4, 1.3),
('rcaldarera@year-job.com', 6, 1.6),
('rcallaro@labdrill.com', 2, 8.5),
('rcloney@sunnamplex.com', 3, 2.0),
('rcolla@bioholding.com', 2, 1.3),
('rcoody@year-job.com', 1, 1.8),
('rcoody@year-job.com', 2, 0.4),
('rcronauer@ontomedia.com', 1, 10.1),
('rcronauer@ontomedia.com', 2, 3.0),
('rdarakjy@nam-zim.com', 1, 0.2),
('rdemesa@nam-zim.com', 2, 2.0),
('rdemesa@nam-zim.com', 4, 2.6),
('rdevreese@codehow.com', 4, 0.8),
('rdewar@stanredtax.com', 3, 2.8),
('rdickerson@inity.com', 1, 3.8),
('rdilello@domzoom.com', 1, 1.4),
('rdilello@rangreen.com', 1, 4.0),
('rdorshorst@nam-zim.com', 1, 12.9),
('remard@green-plus.com', 1, 2.7),
('remard@green-plus.com', 3, 3.4),
('reschberger@xx-holding.com', 1, 5.2),
('reschberger@xx-holding.com', 2, 2.0),
('rfallick@rangreen.com', 7, 2.0),
('rfigeroa@blackzim.com', 1, 1.1),
('rfredicks@kan-code.com', 2, 3.6),
('rfredicks@kan-code.com', 3, 1.6),
('rfunnell@rundofase.com', 3, 2.1),
('rgellinger@xx-zobam.com', 6, 1.9),
('rgiguere@scotfind.com', 3, 1.7),
('rgillaspie@j-texon.com', 1, 2.7),
('rgillaspie@j-texon.com', 3, 4.3),
('rgobern@iselectrics.com', 1, 1.6),
('rgotter@zencorporation.com', 1, 1.2),
('rhanafan@kan-code.com', 3, 2.0),
('rhanafan@kan-code.com', 6, 5.1),
('rharnos@j-texon.com', 2, 1.6),
('rhengel@kan-code.com', 1, 4.0),
('rhengel@kan-code.com', 2, 3.9),
('rhengel@kan-code.com', 3, 1.8),
('rhixenbaugh@konmatfix.com', 2, 11.6),
('rhixenbaugh@konmatfix.com', 3, 2.5),
('rhoffis@nam-zim.com', 2, 2.4),
('rhoffis@nam-zim.com', 3, 4.8),
('rhughey@zencorporation.com', 2, 3.8),
('rjeanty@sonron.com', 3, 0.5),
('rjeanty@sonron.com', 5, 0.8),
('rkampa@year-job.com', 2, 2.2),
('rkarpin@lexiqvolax.com', 3, 1.7),
('rkeener@ontomedia.com', 1, 1.5),
('rkeetch@sumace.com', 6, 4.1),
('rkippley@sumace.com', 1, 1.1),
('rkippley@sumace.com', 3, 1.4),
('rkitty@dambase.com', 2, 1.7),
('rkitty@gogozoom.com', 1, 5.8),
('rkitty@gogozoom.com', 2, 1.7),
('rklusman@goodsilron.com', 3, 0.9),
('rklusman@rangreen.com', 3, 12.8),
('rkohnert@ron-tech.com', 2, 7.9),
('rkoppinger@inity.com', 1, 2.5),
('rlayous@ontomedia.com', 1, 2.5),
('rlayous@toughzap.com', 2, 2.1),
('rlother@gogozoom.com', 3, 1.3),
('rlueckenbach@year-job.com', 1, 3.2),
('rlungren@hatfan.com', 6, 1.0),
('rmadarang@betatech.com', 3, 2.2),
('rmadarang@betatech.com', 4, 16.8),
('rmaile@ron-tech.com', 3, 2.2),
('rmaile@ron-tech.com', 6, 1.5),
('rmaile@singletechno.com', 1, 1.5),
('rmalet@zoomit.com', 6, 3.4),
('rmauson@plexzap.com', 3, 1.1),
('rmcdoniel@plussunin.com', 2, 3.2),
('rmcdoniel@plussunin.com', 4, 0.8),
('rmclaird@kan-code.com', 1, 2.1),
('rmclaird@kan-code.com', 4, 0.9),
('rmcrae@rundofase.com', 2, 0.7),
('rmcrae@rundofase.com', 3, 0.7),
('rmeinerding@y-corporation.com', 2, 1.0),
('rmorocco@dontechi.com', 1, 6.0),
('rmotley@ontomedia.com', 1, 0.8),
('rmyricks@dontechi.com', 3, 3.6),
('rnestle@isdom.com', 5, 2.9),
('rnestle@isdom.com', 6, 2.9),
('ronofrio@gogozoom.com', 1, 1.4),
('rostolaza@inity.com', 2, 4.9),
('rpapasergi@stanredtax.com', 1, 1.7),
('rpinilla@donware.com', 4, 2.0),
('rpinilla@donware.com', 5, 1.7),
('rpinilla@donware.com', 6, 1.6),
('rpolidori@donware.com', 2, 2.1),
('rpolidori@donware.com', 3, 1.2),
('rpolidori@rantouch.com', 3, 2.9),
('rpugh@singletechno.com', 3, 1.0),
('rragel@funholding.com', 2, 1.5),
('rreiber@betatech.com', 1, 1.2),
('rrestrepo@warephase.com', 3, 7.7),
('rrhymes@lexiqvolax.com', 5, 1.3),
('rrhymes@lexiqvolax.com', 6, 1.3),
('rriopelle@funholding.com', 2, 3.7),
('rrodefer@treequote.com', 2, 6.7),
('rrodeigues@yearin.com', 1, 4.9),
('rrulapaugh@nam-zim.com', 1, 2.9),
('rschieler@hottechi.com', 1, 2.9),
('rschmaltz@scottech.com', 1, 8.4),
('rsemidey@sumace.com', 1, 1.7),
('rsetter@ganjaflex.com', 1, 1.5),
('rsetter@ganjaflex.com', 2, 1.8),
('rsetter@sonron.com', 3, 3.3),
('rshadrick@xx-holding.com', 1, 1.0),
('rshinko@isdom.com', 1, 2.7),
('rshinko@isdom.com', 2, 6.0),
('rstaback@donware.com', 1, 1.3),
('rstaback@donware.com', 3, 3.0),
('rstaback@donware.com', 5, 1.9),
('rsteier@j-texon.com', 2, 2.9),
('rsteier@j-texon.com', 3, 5.3),
('rstem@zoomit.com', 3, 0.8),
('rstrassner@konex.com', 1, 1.1),
('rstuer@bioplex.com', 1, 1.1),
('rsweigard@donquadtech.com', 4, 1.0),
('rtillotson@openlane.com', 2, 3.4),
('rtollner@ron-tech.com', 1, 2.6),
('rtollner@ron-tech.com', 2, 3.7),
('rtollner@ron-tech.com', 3, 2.4),
('rtoyama@zotware.com', 6, 4.5),
('rtoyama@zotware.com', 7, 1.8),
('rvenere@hatfan.com', 1, 6.5),
('rvenere@hatfan.com', 4, 6.2),
('rweglarz@zencorporation.com', 1, 2.1),
('rweglarz@zencorporation.com', 4, 2.2),
('rwesterbeck@konex.com', 4, 2.0),
('rwhobrey@plusstrip.com', 1, 5.3),
('rwildfong@warephase.com', 1, 1.0),
('rwolny@betasoloin.com', 2, 1.3),
('ryaw@zumgoity.com', 1, 1.9),
('ryaw@zumgoity.com', 2, 4.7),
('sadkin@green-plus.com', 2, 1.5),
('sadkin@green-plus.com', 6, 1.7),
('saquas@bioplex.com', 3, 1.6),
('sarceo@plussunin.com', 3, 2.3),
('sarceo@plussunin.com', 4, 1.1),
('sasar@betatech.com', 2, 2.3),
('sasar@domzoom.com', 1, 3.6),
('sauffrey@domzoom.com', 2, 3.7),
('sauffrey@domzoom.com', 3, 3.5),
('sauffrey@domzoom.com', 4, 4.1),
('sauffrey@isdom.com', 2, 4.3),
('sbartolet@zencorporation.com', 3, 0.4),
('sbeech@faxquote.com', 1, 12.9),
('sberray@singletechno.com', 2, 16.2),
('sberray@singletechno.com', 7, 2.8),
('sbirkner@ontomedia.com', 1, 8.4),
('sbirkner@stanredtax.com', 1, 4.6),
('sbirkner@stanredtax.com', 3, 2.0),
('sbirkner@stanredtax.com', 4, 7.2),
('sbolognia@kinnamplus.com', 1, 1.3),
('sbolognia@kinnamplus.com', 4, 1.0),
('sbolognia@plexzap.com', 2, 1.9),
('sbookamer@finhigh.com', 1, 2.5),
('sbookamer@finhigh.com', 4, 1.8),
('sbookamer@ganjaflex.com', 2, 4.1),
('sbookamer@ganjaflex.com', 3, 1.7),
('sboulter@openlane.com', 2, 0.7),
('sboulter@yearin.com', 3, 4.0),
('sbubash@kan-code.com', 3, 1.4),
('sbuzick@toughzap.com', 3, 2.2),
('scalvaresi@statholdings.com', 2, 3.3),
('scalvaresi@zotware.com', 3, 2.2),
('scastros@ron-tech.com', 1, 8.1),
('scastros@ron-tech.com', 2, 1.3),
('schesterfield@blackzim.com', 2, 2.1),
('schui@blackzim.com', 1, 8.5),
('schui@statholdings.com', 1, 3.5),
('schui@statholdings.com', 2, 1.1),
('schui@statholdings.com', 4, 0.9),
('schui@zotware.com', 4, 1.3),
('scolla@lexiqvolax.com', 1, 1.6),
('scoody@gogozoom.com', 4, 2.6),
('scookey@mathtouch.com', 3, 6.4),
('scorbley@finhigh.com', 3, 5.7),
('scryer@donware.com', 2, 2.0),
('sdarakjy@zumgoity.com', 2, 1.6),
('sdarakjy@zumgoity.com', 3, 3.4),
('sdegroot@yearin.com', 1, 8.9),
('sdegroot@yearin.com', 4, 4.8),
('sdeleo@golddex.com', 3, 18.3),
('sdeleo@plexzap.com', 1, 4.0),
('sdiestel@conecom.com', 1, 3.5),
('sdiscipio@singletechno.com', 1, 1.2),
('sdiscipio@singletechno.com', 3, 7.1),
('sdopico@cancity.com', 3, 2.5),
('semard@funholding.com', 1, 2.9),
('semard@funholding.com', 3, 3.9),
('sennaco@golddex.com', 2, 2.1),
('sennaco@rantouch.com', 2, 1.5),
('seschberger@scotfind.com', 2, 2.2),
('sfallick@bioholding.com', 3, 8.2),
('sfern@bioplex.com', 1, 1.3),
('sfigeroa@conecom.com', 1, 2.7),
('sfigeroa@donquadtech.com', 3, 0.7),
('sfishburne@donquadtech.com', 1, 1.2),
('sgesick@iselectrics.com', 3, 0.4),
('sgiguere@bioplex.com', 5, 2.3),
('sgillian@goodsilron.com', 2, 3.4),
('sgotter@rangreen.com', 2, 2.5),
('shanafan@donware.com', 3, 1.6),
('shanafan@donware.com', 5, 3.2),
('sheintzman@stanredtax.com', 2, 1.1),
('shudnall@toughzap.com', 1, 1.2),
('shudnall@toughzap.com', 3, 6.1),
('shughey@zoomit.com', 1, 2.7),
('shughey@zoomit.com', 4, 8.0),
('sinouye@groovestreet.com', 4, 2.8),
('siturbide@donquadtech.com', 1, 4.8),
('sjillson@bioholding.com', 1, 4.0),
('skalafatis@finjob.com', 1, 8.3),
('skannady@ganjaflex.com', 4, 1.7),
('skannady@gogozoom.com', 4, 6.8),
('skarpin@labdrill.com', 2, 0.8),
('skeneipp@lexiqvolax.com', 2, 8.1),
('skiel@scotfind.com', 1, 1.3),
('sklang@statholdings.com', 2, 1.7),
('skonopacki@nam-zim.com', 3, 7.2),
('skoppinger@hatfan.com', 1, 6.4),
('slacovara@statholdings.com', 1, 2.6),
('slapage@domzoom.com', 2, 2.1),
('slapage@domzoom.com', 3, 2.6),
('slapage@domzoom.com', 7, 2.9),
('slapage@kan-code.com', 2, 1.3),
('slapage@kan-code.com', 5, 1.1),
('slipkin@sunnamplex.com', 4, 3.4),
('slukasik@codehow.com', 1, 1.4),
('smalet@domzoom.com', 1, 0.6),
('smalet@konex.com', 1, 1.5),
('smalvin@betasoloin.com', 2, 2.4),
('smalvin@betasoloin.com', 3, 1.9),
('smartabano@finjob.com', 1, 1.8),
('smartabano@finjob.com', 2, 6.6),
('smaynerich@y-corporation.com', 3, 1.8),
('smccullan@cancity.com', 1, 5.2),
('smccullan@kan-code.com', 2, 2.5),
('smcnease@cancity.com', 6, 5.2),
('smconnell@year-job.com', 2, 1.7),
('smeteer@kinnamplus.com', 1, 4.3),
('smirafuentes@faxquote.com', 1, 7.4),
('smiro@betatech.com', 1, 3.1),
('smiro@konex.com', 1, 2.1),
('smiro@konex.com', 4, 3.7),
('smotley@groovestreet.com', 1, 0.9),
('smoyd@green-plus.com', 2, 2.2),
('smoyd@statholdings.com', 3, 1.8),
('snestle@plusstrip.com', 1, 1.0),
('snestle@y-corporation.com', 1, 1.2),
('soles@betatech.com', 1, 1.5),
('soles@betatech.com', 2, 1.5),
('sostolaza@plussunin.com', 1, 2.5),
('spaa@zencorporation.com', 7, 1.2),
('spaa@zencorporation.com', 8, 1.1),
('spalaia@konex.com', 2, 6.2),
('spalaia@konex.com', 3, 1.0),
('sparvis@rantouch.com', 2, 2.2),
('spaskin@newex.com', 3, 7.9),
('spaulas@dontechi.com', 1, 3.1),
('spaulas@dontechi.com', 2, 2.0),
('sperez@konex.com', 1, 1.7),
('sperez@konex.com', 3, 2.1),
('sperin@ganjaflex.com', 2, 13.8),
('sperin@ganjaflex.com', 4, 2.0),
('sperin@ganjaflex.com', 6, 3.1),
('sperin@konmatfix.com', 3, 1.3),
('sperin@rantouch.com', 1, 20.5),
('spinilla@finhigh.com', 2, 1.6),
('sreiber@codehow.com', 1, 2.4),
('srodefer@ontomedia.com', 1, 5.9),
('srodefer@ontomedia.com', 3, 4.4),
('sryser@plusstrip.com', 1, 2.2),
('sryser@plusstrip.com', 4, 4.7),
('ssama@groovestreet.com', 1, 3.3),
('ssama@konmatfix.com', 1, 3.8),
('ssamu@domzoom.com', 1, 0.8),
('ssarao@mathtouch.com', 2, 3.7),
('ssaras@konmatfix.com', 4, 5.3),
('ssarbacher@hottechi.com', 6, 2.3),
('ssarbacher@kinnamplus.com', 3, 2.8),
('sschemmer@ontomedia.com', 2, 8.6),
('sschemmer@xx-holding.com', 1, 4.0),
('sschieler@condax.com', 1, 6.7),
('sscipione@j-texon.com', 1, 5.6),
('sscipione@j-texon.com', 3, 1.1),
('sscipione@j-texon.com', 7, 2.2),
('ssetter@sonron.com', 1, 3.8),
('sshadrick@dontechi.com', 1, 9.9),
('sshields@dontechi.com', 3, 3.7),
('sskursky@golddex.com', 1, 3.1),
('sslayton@singletechno.com', 5, 3.0),
('sslayton@singletechno.com', 6, 3.6),
('ssmith@green-plus.com', 2, 5.1),
('sstenseth@zoomit.com', 3, 1.5),
('sstenseth@zoomit.com', 4, 1.6),
('sstenseth@zoomit.com', 5, 2.3),
('sstimmel@labdrill.com', 4, 1.6),
('sstorment@iselectrics.com', 1, 1.8),
('sstorment@iselectrics.com', 3, 7.2),
('stheodorov@sumace.com', 1, 2.6),
('stheodorov@sumace.com', 6, 1.6),
('stheodorov@toughzap.com', 1, 7.6),
('sthreets@nam-zim.com', 3, 2.8),
('sthyberg@plussunin.com', 5, 2.0),
('stillotson@fasehatice.com', 1, 7.0),
('stoyama@kan-code.com', 4, 1.4),
('supthegrove@dontechi.com', 2, 1.4),
('supthegrove@dontechi.com', 3, 1.8),
('svonasek@gogozoom.com', 2, 6.2),
('swhobrey@yearin.com', 1, 8.7),
('swhobrey@yearin.com', 2, 8.7),
('swide@plexzap.com', 4, 1.8),
('sworlds@singletechno.com', 3, 3.3),
('swrinkles@treequote.com', 2, 3.6),
('szagen@faxquote.com', 3, 1.3),
('szepp@plussunin.com', 3, 2.9),
('tabdallah@dontechi.com', 7, 1.2),
('tabdallah@dontechi.com', 11, 1.7),
('talbares@golddex.com', 5, 7.7),
('talbares@warephase.com', 3, 3.1),
('talbares@warephase.com', 4, 6.4),
('tauffrey@nam-zim.com', 1, 1.2),
('tbarfield@xx-zobam.com', 1, 6.9),
('tbarfield@xx-zobam.com', 2, 3.3),
('tbarfield@xx-zobam.com', 6, 2.0),
('tbayless@year-job.com', 2, 1.5),
('tbayless@year-job.com', 3, 1.5),
('tbitsuie@scottech.com', 1, 9.6),
('tblackwood@treequote.com', 1, 3.2),
('tbolognia@singletechno.com', 1, 4.9),
('tbookamer@labdrill.com', 3, 2.6),
('tbookamer@plexzap.com', 2, 2.5),
('tborgman@finhigh.com', 2, 2.1),
('tbourbon@sunnamplex.com', 3, 1.0),
('tbreland@year-job.com', 2, 0.8),
('tbrucato@lexiqvolax.com', 4, 2.3),
('tbuemi@green-plus.com', 4, 1.6),
('tbuvens@sumace.com', 2, 2.7),
('tcaldarera@fasehatice.com', 2, 4.5),
('tcaldarera@fasehatice.com', 4, 3.0),
('tcalvaresi@ganjaflex.com', 2, 1.4),
('tcalvaresi@ganjaflex.com', 4, 0.8),
('tcalvaresi@ganjaflex.com', 5, 3.6),
('tdaufeldt@rundofase.com', 2, 2.9),
('tdevreese@conecom.com', 1, 6.3),
('tdevreese@ron-tech.com', 2, 2.3),
('tdickerson@zencorporation.com', 1, 5.5),
('tdickerson@zencorporation.com', 2, 5.8),
('temigh@lexiqvolax.com', 1, 3.2),
('temigh@lexiqvolax.com', 2, 5.5),
('temigh@lexiqvolax.com', 5, 1.5),
('tengelberg@xx-holding.com', 2, 0.4),
('teschberger@lexiqvolax.com', 2, 1.4),
('teschberger@lexiqvolax.com', 3, 4.0),
('tfern@kan-code.com', 2, 5.4),
('tferrario@opentech.com', 2, 9.2),
('tfishburne@xx-holding.com', 4, 3.5),
('tflister@conecom.com', 2, 2.4),
('tgabisi@cancity.com', 1, 15.2),
('tgabisi@cancity.com', 3, 7.9),
('tgehrett@nam-zim.com', 2, 0.8),
('thalter@opentech.com', 1, 3.4),
('thalter@scottech.com', 3, 4.2),
('thalter@scottech.com', 4, 8.4),
('thidvegi@sumace.com', 1, 12.0),
('thirpara@donquadtech.com', 3, 1.6),
('thoneywell@bioplex.com', 1, 2.5),
('thoneywell@bioplex.com', 3, 2.4),
('thughey@zencorporation.com', 2, 7.5),
('tisenhower@funholding.com', 4, 1.5),
('tjacobos@streethex.com', 2, 2.3),
('tjacobos@streethex.com', 3, 7.2),
('tjurney@condax.com', 1, 7.1),
('tjuvera@bioplex.com', 2, 1.7),
('tkaniecki@dontechi.com', 2, 1.1),
('tkaniecki@dontechi.com', 4, 1.7),
('tkardas@hottechi.com', 3, 5.5),
('tkardas@hottechi.com', 4, 2.0),
('tkeener@konex.com', 4, 10.5),
('tkeener@sumace.com', 1, 3.5),
('tkeener@sumace.com', 2, 0.7),
('tklang@green-plus.com', 2, 0.9),
('tkoppinger@kan-code.com', 6, 6.4),
('tkoppinger@kan-code.com', 7, 2.8),
('tlabreche@zoomit.com', 1, 0.2),
('tlabreche@zoomit.com', 2, 0.2),
('tlabreche@zoomit.com', 3, 0.2),
('tlabreche@zoomit.com', 4, 0.5),
('tlace@plussunin.com', 3, 1.7),
('tlayous@cancity.com', 1, 2.0),
('tlietz@lexiqvolax.com', 1, 1.8),
('tlietz@plexzap.com', 1, 27.6),
('tlindall@ganjaflex.com', 3, 0.7),
('tlipkin@statholdings.com', 4, 1.2),
('tlipkin@statholdings.com', 7, 5.5),
('tlungren@sonron.com', 1, 1.5),
('tmai@j-texon.com', 1, 5.0),
('tmai@j-texon.com', 4, 4.4),
('tmai@j-texon.com', 6, 14.1),
('tmallett@betatech.com', 3, 0.7),
('tmastella@condax.com', 3, 1.8),
('tmauson@plexzap.com', 2, 2.3),
('tmaybury@golddex.com', 5, 1.0),
('tmconnell@lexiqvolax.com', 1, 2.7),
('tmconnell@lexiqvolax.com', 3, 2.7),
('tmcrae@dalttechnology.com', 1, 1.5),
('tmcrae@rangreen.com', 2, 1.1),
('tmirafuentes@opentech.com', 3, 1.4),
('tmorocco@xx-holding.com', 1, 2.1),
('tmoyd@silis.com', 3, 1.8),
('tmunis@rundofase.com', 3, 4.3),
('tmunis@rundofase.com', 4, 2.8),
('tnestle@hottechi.com', 1, 0.9),
('tnestle@hottechi.com', 3, 0.9),
('tohms@lexiqvolax.com', 3, 4.2),
('tostrosky@fasehatice.com', 1, 3.6),
('tostrosky@kan-code.com', 3, 1.8),
('tostrosky@kan-code.com', 6, 1.5),
('tostrosky@singletechno.com', 1, 1.9),
('tpalaspas@plexzap.com', 2, 1.4),
('tpalaspas@plexzap.com', 3, 2.0),
('tpalaspas@statholdings.com', 1, 0.3),
('tpapasergi@plusstrip.com', 1, 9.4),
('tpaprocki@konmatfix.com', 2, 2.0),
('tpinilla@dambase.com', 2, 3.7),
('tpinilla@dambase.com', 3, 6.7),
('trantanen@sunnamplex.com', 2, 1.3),
('trauser@scotfind.com', 1, 2.1),
('treiber@scottech.com', 1, 0.9),
('trentfro@betasoloin.com', 1, 2.2),
('trestrepo@opentech.com', 2, 2.0),
('trestrepo@opentech.com', 3, 4.1),
('trestrepo@opentech.com', 6, 3.2),
('trim@donware.com', 2, 1.7),
('trim@green-plus.com', 1, 1.1),
('triopelle@year-job.com', 3, 8.3),
('trodefer@dontechi.com', 1, 1.1),
('trodefer@ontomedia.com', 3, 3.3),
('trodeigues@cancity.com', 2, 1.8),
('trodenberger@openlane.com', 2, 7.3),
('tsamara@finhigh.com', 2, 1.9),
('tsaras@betasoloin.com', 4, 3.3),
('tsaulter@conecom.com', 3, 2.0),
('tschirpke@sonron.com', 4, 1.9),
('tsimilton@fasehatice.com', 4, 2.0),
('tskulski@hottechi.com', 6, 1.3),
('tslusarski@plusstrip.com', 4, 1.8),
('tstrassner@hottechi.com', 2, 5.7),
('tsweely@betasoloin.com', 1, 4.7),
('tsweigard@zumgoity.com', 2, 3.1),
('tsweigard@zumgoity.com', 3, 4.2),
('tthyberg@scottech.com', 3, 5.0),
('ttimenez@mathtouch.com', 4, 3.1),
('ttromblay@rundofase.com', 1, 3.6),
('tuyetake@toughzap.com', 4, 6.0),
('tvarriano@singletechno.com', 1, 2.3),
('tvenere@plussunin.com', 1, 2.8),
('tventura@rundofase.com', 1, 6.3),
('tventura@rundofase.com', 3, 3.6),
('tvizarro@goodsilron.com', 2, 1.9),
('twiklund@kinnamplus.com', 1, 3.5),
('twildfong@sonron.com', 1, 1.6),
('twildfong@sonron.com', 3, 3.3),
('tyglesias@zumgoity.com', 2, 0.8),
('vadkin@opentech.com', 2, 2.1),
('vaquas@dontechi.com', 7, 1.3),
('vbaltimore@xx-holding.com', 1, 0.5),
('vbenimadho@konex.com', 4, 2.3),
('vbowley@silis.com', 1, 0.9),
('vbubash@sunnamplex.com', 3, 3.0),
('vcaldarera@scotfind.com', 3, 2.3),
('vcaldarera@scotfind.com', 4, 1.2),
('vcaldarera@scotfind.com', 6, 1.3),
('vcaldarera@scotfind.com', 7, 2.9),
('vcartan@plusstrip.com', 1, 4.0),
('vcoody@dontechi.com', 2, 4.2),
('vcoody@warephase.com', 2, 3.2),
('vcoody@warephase.com', 3, 2.5),
('vcronauer@lexiqvolax.com', 2, 2.0),
('vcronauer@zoomit.com', 1, 3.2),
('vdhamer@kan-code.com', 2, 5.1),
('vehmann@ganjaflex.com', 1, 2.0),
('vehmann@ganjaflex.com', 2, 2.2),
('vfarrar@donquadtech.com', 4, 2.3),
('vfarrar@donquadtech.com', 5, 2.8),
('vfarrar@donquadtech.com', 6, 1.8),
('vfarrar@donquadtech.com', 8, 1.5),
('vfarrar@donquadtech.com', 9, 1.6),
('vferrario@plusstrip.com', 2, 0.6),
('vferrario@plusstrip.com', 3, 1.5),
('vfishburne@inity.com', 1, 2.4),
('vfoller@domzoom.com', 1, 12.8),
('vfoller@domzoom.com', 2, 1.6),
('vfritz@zathunicon.com', 1, 1.5),
('vfritz@zathunicon.com', 3, 2.0),
('vgato@golddex.com', 1, 2.3),
('vgobern@kinnamplus.com', 2, 1.4),
('vhalsey@funholding.com', 1, 1.8),
('vharabedian@streethex.com', 3, 8.0),
('vhoogland@dalttechnology.com', 3, 1.7),
('vhusser@groovestreet.com', 1, 9.8),
('visaacs@rundofase.com', 3, 13.2),
('vjuvera@fasehatice.com', 2, 6.1),
('vkampa@newex.com', 1, 1.2),
('vkampa@newex.com', 2, 6.5),
('vkampa@newex.com', 3, 2.0),
('vleinenbach@funholding.com', 1, 1.9),
('vlindall@ganjaflex.com', 1, 3.0),
('vmadarang@warephase.com', 3, 2.3),
('vmeinerding@zumgoity.com', 3, 2.1),
('vnunlee@newex.com', 1, 0.8),
('vonofrio@streethex.com', 7, 2.7),
('vplumer@singletechno.com', 3, 2.5),
('vplumer@singletechno.com', 4, 3.1),
('vpontoriero@domzoom.com', 1, 4.4),
('vrentfro@iselectrics.com', 1, 5.7),
('vsarao@newex.com', 7, 2.3),
('vsawchuk@sonron.com', 1, 1.8),
('vschemmer@singletechno.com', 4, 1.7),
('vschemmer@singletechno.com', 7, 2.1),
('vshinko@konex.com', 3, 4.3),
('vsilvestrini@groovestreet.com', 3, 1.1),
('vstem@plussunin.com', 3, 3.5),
('vstockham@newex.com', 2, 3.2),
('vstorment@xx-holding.com', 2, 1.6),
('vstrassner@doncon.com', 1, 3.7),
('vstrassner@doncon.com', 2, 1.9),
('vsuffield@isdom.com', 2, 4.2),
('vsuffield@isdom.com', 3, 1.6),
('vswayze@doncon.com', 2, 1.3),
('vswayze@zoomit.com', 3, 1.3),
('vswayze@zoomit.com', 5, 1.2),
('vtheodorov@fasehatice.com', 3, 1.6),
('vthyberg@kan-code.com', 1, 3.3),
('vthyberg@kan-code.com', 2, 1.2),
('vthyberg@kan-code.com', 3, 1.5),
('vthyberg@y-corporation.com', 2, 1.1),
('vwide@opentech.com', 1, 2.4),
('vwolfgramm@dontechi.com', 2, 1.7),
('vwolfgramm@dontechi.com', 4, 2.1),
('vwolfgramm@dontechi.com', 5, 1.7),
('vwolfgramm@dontechi.com', 8, 1.7),
('vwolfgramm@dontechi.com', 9, 5.2),
('vyori@sumace.com', 3, 0.9),
('warceo@hatfan.com', 1, 7.6),
('wbowley@scottech.com', 5, 5.7),
('wcantres@condax.com', 1, 3.0),
('wcaudy@newex.com', 2, 1.2),
('wchickering@doncon.com', 1, 1.3),
('wchickering@doncon.com', 3, 3.1),
('wcolaizzo@opentech.com', 3, 2.2),
('wcolaizzo@opentech.com', 5, 2.0),
('wdilliard@rantouch.com', 3, 2.3),
('wdiscipio@donware.com', 2, 11.8),
('wferencz@openlane.com', 2, 1.5),
('wferencz@openlane.com', 3, 1.2),
('wfillingim@kinnamplus.com', 1, 1.4),
('wfillingim@kinnamplus.com', 3, 9.6),
('wgillian@dambase.com', 2, 1.9),
('whauenstein@streethex.com', 3, 4.2),
('whochard@silis.com', 1, 2.5),
('whochard@silis.com', 10, 6.6),
('wlother@donquadtech.com', 1, 3.2),
('wmartabano@green-plus.com', 3, 0.9),
('wmastella@konmatfix.com', 1, 1.6),
('wmugnolo@j-texon.com', 2, 1.5),
('wpinilla@rangreen.com', 3, 4.1),
('wpugh@iselectrics.com', 3, 0.8),
('wreitler@ganjaflex.com', 3, 3.1),
('wreitler@ganjaflex.com', 4, 1.7),
('wrhoden@zotware.com', 3, 5.4),
('wsaulter@betatech.com', 2, 1.6),
('wsaulter@betatech.com', 3, 2.7),
('wsemidey@bioholding.com', 2, 5.6),
('wsemidey@bioholding.com', 4, 2.6),
('wsetter@y-corporation.com', 3, 3.1),
('wsilvestrini@mathtouch.com', 1, 6.0),
('wstoltzman@yearin.com', 2, 2.3),
('wstoltzman@yearin.com', 3, 5.6),
('wvenere@konmatfix.com', 4, 1.5),
('wvenere@konmatfix.com', 6, 5.2),
('wventura@plussunin.com', 3, 6.8),
('wweglarz@scottech.com', 2, 0.7),
('wweight@silis.com', 1, 2.0),
('wweight@silis.com', 3, 1.7),
('wwesterbeck@green-plus.com', 1, 12.6),
('wwrinkles@ontomedia.com', 1, 1.8),
('wwrinkles@ontomedia.com', 4, 8.3),
('wwrinkles@ontomedia.com', 6, 7.3),
('xcantres@stanredtax.com', 2, 1.4),
('xcryer@streethex.com', 1, 1.3),
('xdilello@zoomit.com', 1, 4.8),
('xduenas@dontechi.com', 3, 7.5),
('xkownacki@domzoom.com', 1, 3.7),
('xnicka@gogozoom.com', 1, 6.5),
('xnievas@hatfan.com', 1, 2.7),
('xpelkowski@dontechi.com', 3, 3.5),
('xsweigard@scotfind.com', 2, 2.0),
('xwildfong@inity.com', 2, 1.0),
('yadkin@newex.com', 1, 3.2),
('ycentini@domzoom.com', 2, 2.0),
('ycentini@domzoom.com', 3, 1.5),
('yeschberger@silis.com', 1, 1.7),
('yfeichtner@inity.com', 1, 3.6),
('yfeichtner@inity.com', 2, 1.1),
('yfoller@condax.com', 2, 5.9),
('yfritz@opentech.com', 4, 1.7),
('yfritz@opentech.com', 6, 1.4),
('yhaufler@toughzap.com', 1, 1.5),
('yinouye@faxquote.com', 1, 7.7),
('ykorando@groovestreet.com', 2, 6.0),
('ykorando@groovestreet.com', 3, 7.0),
('ylother@ontomedia.com', 5, 1.2),
('ymadarang@ron-tech.com', 4, 17.4),
('ymorasca@year-job.com', 2, 2.6),
('ymorasca@year-job.com', 3, 2.5),
('yoldroyd@betasoloin.com', 1, 3.1),
('yoldroyd@betasoloin.com', 4, 1.6),
('ypedrozo@faxquote.com', 1, 3.2),
('ypedrozo@faxquote.com', 2, 3.0),
('yreitler@y-corporation.com', 4, 8.2),
('ytreston@dalttechnology.com', 1, 3.1),
('yturinetti@y-corporation.com', 1, 2.5),
('yvonasek@rundofase.com', 1, 1.5),
('yzepp@sonron.com', 2, 10.3),
('zmarrier@blackzim.com', 1, 2.1),
('zrodeigues@scottech.com', 1, 1.5),
